羅馬字	漢字	頻率
a-a-ko	矮矮個	1
a-a-tsi-tsi	挨挨擠擠	1
a-djôh	挨着	1
a-long	挨攏	1
a-long-læ	挨攏來	2
a-pæn-go	挨班個	1
a-tsʽ-jü	挨次序	4
a-wu-tsʽah	挨戶冊	3
ah	軛	4
ah	押	2
ah-bo	阿婆	3
ah-di	阿弟	7
ah-di-go	阿弟個	1
ah-djü	壓治	3
ah-jih	壓實	3
ah-ko	阿哥	5
ah-lah	阿拉	1316
ah-lah-go	阿拉個	106
ah-leh	壓勒	3
ah-nyiang	阿孃	70
ah-nyiang-go	阿孃個	1
ah-pô	阿爸	2
ah-sah-go	壓煞個	1
ah-shü	壓勢	1
ah-tia	阿爹	245
ah-tia-go	阿爹個	22
ah-voh	壓服	1
ao	嶴	4
ao-hwe	懊悔	7
ao-miao	奧妙	24
ao-miao-go	奧妙個	4
ao-pun	拗半	1
ao-tsao	鏖糟	44
ao-tsao-go	鏖糟個	2
ba-diao	敗掉	7
ba-diao-go	敗掉個	1
bah	白	10
bah-bah	白白	9
bah-bah-go	白白個	7
bah-cʽih	拔出	4
bah-de	白了	1
bah-diao	拔掉	4
bah-feng	白粉	1
bah-go	白個	2
bah-kyʽi	拔起	1
bah-lih-lih	白力力	4
bah-mo	拔摩	1
bah-yüing	白雲	1
bang-djôh	碰着	7
bao	抱	3
bao	跑	1
bao-leh	抱勒	5
bao-leh-kyʽi	抱勒去	1
bao-læ	抱來	1
bao-nyiah	暴虐	1
bao-nyiah-go	暴虐個	1
bao-ts	抱仔	1
bao-ts	袍子	1
bao-tʽao	袍套	1
be	被	266
be	倍	15
be	備	4
be	陪	4
be	佩	1
be-bæn	備辦	30
be-bæn-hao	備辦好	1
be-go	倍個	1
be-hao	備好	9
be-hao-de	備好了	3
be-hao-go	備好個	1
be-hao-kæn	備好間	7
be-hao-kæn-go	備好間個	4
be-hao-liao-go	備好了個	1
be-hao-tong	備好東	1
be-hao-tong-go	備好東個	1
be-hao-ts	備好仔	1
be-kao	被告	1
be-su	倍數	1
be-tsoh	備足	1
beh-cʽih	浡出	3
beh-keh	鵓鴿	10
beng-nying	笨人	1
beng-ts	盆子	1
beng-ts-li	盆子裏	2
beng-yiu	朋友	31
beng-yiu-kô	朋友家	3
bi	皮	2
bi-bô	琵琶	1
bi-diao	避掉	1
bi-dæ	皮袋	12
bi-feh-ko	避弗過	1
bi-feng	肥糞	1
bi-go	皮個	2
bi-gyün	疲倦	3
bi-ko	避過	6
bi-kʽæ	避開	6
bi-leh-ko	避勒過	2
bi-nyüoh	皮肉	1
bi-pin	皮鞭	1
bi-ta	皮帶	1
bi-we	脾胃	1
bi-ziang	皮匠	3
biao	嫖	2
biao-hyi	嫖嬉	1
bih	別	4
bih-cʽü	別處	24
bih-da	別埭	2
bih-diao	別條	1
bih-go	別個	46
bih-koh	別國	11
bih-koh-go	別國個	4
bih-koh-nying	別國人	73
bih-koh-nying-go	別國人個	14
bih-kyüô	別加	3
bih-kyüô-mo	別迦摩	2
bih-kyʽi	別起	1
bih-kʽæ	別開	10
bih-kʽæ-ts	別開仔	1
bih-liu-go	別流個	1
bih-lôh	別落	1
bih-lôh-læ	別落來	1
bih-nyiang-kao	別樣告	14
bih-nying	別人	69
bih-nying-go	別人個	10
bih-si-poh	別西卜	7
bih-tsah	別隻	6
bih-yiang	別樣	14
bin	辨	2
bin	便	1
bin-cʽih	辨出	5
bin-feh-cʽih	辨弗出	1
bin-go	便個	2
bin-i	便宜	3
bin-leh	辨勒	1
bin-leh-cʽih	辨勒出	1
bin-leng	辯論	10
bin-pih	辨別	6
bin-pih	辯別	1
bin-poh	辯駁	1
bin-tông	便當	2
bin-yüô-ming	便雅憫	2
bin-yüô-ming-go	便雅憫個	2
bing	病	56
bing	並	47
bing	平	2
bing-ba	並排	1
bing-bing-dzih-dzih	平平直直	1
bing-di-li	平地裏	1
bing-djông	平常	1
bing-dzih	平直	1
bing-dzih-de	平直了	1
bing-dzih-go	平直個	2
bing-dzin	貧賤	1
bing-en	平安	35
bing-en-go	平安個	6
bing-feh-z	並弗是	2
bing-fi	並非	7
bing-gyüong	貧窮	2
bing-kyü	憑據	24
bing-nying	病人	10
bing-nying-go	病人個	2
bing-nyün	病源	1
bing-tsing	病症	2
bing-tʽin-kwun	平天冠	15
bing-tʽong	病痛	6
bing-zi	平齊	2
bing-zin	貧賤	1
bing-ʽang-go	並行個	1
bo	縛	11
bo-deo	縛頭	1
bo-djü	縛住	9
bo-djü-de	縛住了	1
bo-djü-go	縛住個	2
bo-djü-liao-go	縛住了個	1
bo-djü-tih	縛住的	1
bo-feh-ko	縛弗過	1
bo-ho	薄荷	2
bo-kæn	縛間	1
bo-leh	縛勒	6
bo-liao-go	縛了個	1
bo-long	縛攏	1
bo-ts	縛仔	6
bo-tæn-long	縛帶攏	1
boh	泊	1
boh-dzing	薄情	1
boh-tao	伏倒	20
boh-ts	雹子	4
boh-tæn-tao	伏帶倒	1
bu-dao	葡萄	8
bu-dao-jü	葡萄樹	1
bu-dao-jü-go	葡萄樹個	1
bu-dao-ko	葡萄果	1
bu-dao-yün	葡萄園	3
bu-dao-yün-li	葡萄園裏	6
bu-pah-liu	部百流	1
bu-pah-liu-go	部百流個	1
bu-sah	菩薩	10
bu-sah-go	菩薩個	1
bu-tiu-li	部丟利	1
bu-ʽang	步行	1
bu-ʽang-leh	步行勒	1
bu-ʽang-peng-long	步行奔攏	1
bun-li	盤裏	4
bun-meng	盤問	5
bun-nyih	叛逆	1
bun-zah	磐石	3
bæn	辦	41
bæn-fah	辦法	2
bæn-go	辦個	1
bæn-leh	辦了	1
bæn-tsiu	辦酒	2
bæn-z	辦事	5
bæn-z-go	辦事個	7
bæn-z-nying	辦事人	13
bæn-ze	辦罪	1
bô	扒	1
bô-kyʽi	爬起	36
bô-kyʽi-de	爬起了	1
bô-kyʽi-læ	爬起來	60
bô-kyʽi-sing	爬起身	3
bô-tsʽao	稗草	8
bô-tsʽao-go	稗草個	1
bông	棒	3
bông-be	防備	2
bông-be-hao	防備好	2
bông-djôh	防着	1
bông-fi-li-üô	旁非利亞	4
bông-fi-li-üô-go	旁非利亞個	1
bông-pin	旁邊	21
bông-tao	防到	1
cih-dön	折斷	1
cing	准	7
cing-be	準備	3
cing-dong	震動	6
cing-dong-go	震動個	3
cing-dong-ko-de	震動過了	1
coh	給	18
coh	築	1
coh-foh	祝福	19
coh-foh-go	祝福個	1
coh-foh-ts	祝福仔	5
coh-kwun	只管	3
coh-teng	桌凳	2
coh-teng-zông	桌凳上	1
coh-teng-ʽô	桌凳下	2
coh-tin	給點	1
coh-tsæn	祝讚	12
coh-tsæn-go	祝讚個	7
coh-tʽôh	囑託	1
coh-tʽôh-go	囑託個	2
coh-zia	祝謝	7
coh-zia-hao	祝謝好	3
coh-zia-ts	祝謝仔	6
cong	衆	124
cong	種	13
cong	終	1
cong-bo	中縛	1
cong-din-go	種田個	1
cong-din-nying	種田人	19
cong-dzing	忠臣	1
cong-go	種個	3
cong-hyiao-ta	忠孝帶	1
cong-i	中意	1
cong-i-go	中意個	1
cong-jü-go	種樹個	1
cong-kyʽi-læ	腫起來	1
cong-kæn	種間	3
cong-kæn-go	種間個	2
cong-leh	種勒	5
cong-nyiang	中央	239
cong-nyiang-go	中央個	1
cong-nyiang-nying	中央人	2
cong-nying	衆人	200
cong-nying-go	衆人個	23
cong-pao	中保	6
cong-sang	衆生	2
cong-sing	忠信	20
cong-sing	忠心	10
cong-sing-go	忠信個	7
cong-sing-go	忠心個	2
cong-tih	種的	1
cong-tih-go	種的個	1
cong-tông	種黨	4
cong-we	衆位	19
cong-ü	終於	13
cô	揸	4
cô-leh	揸勒	3
công	壯	2
công-công	壯壯	3
công-công-go	壯壯個	1
công-de	壯了	1
công-dzing	章程	8
công-kwun	掌管	13
công-kæn	樁間	4
cü	主	630
cü	嘴	2
cü	蛀	1
cü-diao	蛀掉	2
cü-diao-de	蛀掉了	1
cü-djong	蛀蟲	3
cü-dziu-hao	鑄就好	1
cü-go	主個	121
cü-i	主意	47
cü-jing	嘴脣	1
cü-kwu	主顧	1094
cü-kwu-go	主顧個	77
cü-kyi	知己	1
cü-kyin	主見	1
cü-nyih	主日	1
cü-nying-kô	主人家	61
cü-nying-kô-go	主人家個	4
cü-pô	嘴巴	25
cü-pô-li	嘴巴裏	6
cü-pô-li-go	嘴巴裏個	1
cü-s-teh	致使得	2
cü-sih	知識	25
cü-sih-go	知識個	4
cü-sing	注心	2
cü-tang-cü	株打株	1
cü-ts	珠子	8
cü-tsoh	知足	5
cü-tsæ	主宰	11
cü-voh	制服	13
cü-voh-de	制服了	1
cü-voh-go	制服個	1
cü-z	諸事	1
cü-zao	製造	1
cü-zao-go	製造個	1
cün	轉	2
cün-dong	轉動	1
cün-fông	轉方	1
cün-ko	轉過	1
cün-kwun	專管	2
cün-kyʽi	轉去	4
cün-kyʽi-de	轉去了	1
cün-læ	轉來	18
cün-læ-go	轉來個	1
cün-meng	專門	1
cün-pin	轉變	3
cün-s-peh	轉賜撥	1
cün-w̆æn	轉彎	2
cʽih	出	94
cʽih-dao	出道	2
cʽih-de	出了	1
cʽih-deo-cʽih-nao	出頭出腦	1
cʽih-dziang	出場	1
cʽih-go	出個	1
cʽih-gyi	出奇	1
cʽih-kah-go	出格個	1
cʽih-ko	出過	2
cʽih-kwun	出管	2
cʽih-kyʽi	出去	8
cʽih-kyʽi-go	出去個	1
cʽih-kô	出嫁	1
cʽih-kʽeo	出口	1
cʽih-lih	出力	3
cʽih-lu	出路	1
cʽih-lu-lu	出露露	1
cʽih-læ	出來	45
cʽih-læ-de	出來了	1
cʽih-læ-go	出來個	9
cʽih-meng	出門	13
cʽih-meng-go	出門個	2
cʽih-meng-kæn	出門間	4
cʽih-meng-nying	出門人	6
cʽih-ping	出兵	1
cʽih-poh	出膊	4
cʽih-poh-go	出膊個	8
cʽih-si	出世	2
cʽih-sing	出身	1
cʽih-sing-lu-tʽi	出身露體	3
cʽih-sing-lu-tʽi-go	出身露體個	1
cʽih-tsʽæn	出產	3
cʽih-tʽeh-de	出脫了	1
cʽih-yin	出現	2
cʽih-ü	出於	50
cʽing-teng	春凳	1
cʽoh	戳	4
cʽoh-kyʽi-læ	戳起來	1
cʽoh-nu-go	觸怒個	2
cʽoh-sing	戳心	1
cʽoh-sông	戳傷	2
cʽoh-tsing	戳進	3
cʽong-djôh	沖着	2
cʽong-mun	充滿	10
cʽong-mun-de	充滿了	1
cʽong-æ	寵愛	1
cʽong-æ-go	寵愛個	1
cʽô	扯	1
cʽô-dæn	扯淡	3
cʽô-kʽæ	扯開	5
cʽông	闖	3
cʽông-leh-kyʽi	闖勒去	2
cʽông-zing	昌盛	1
cʽü	娶	23
cʽü	吹	14
cʽü	取	13
cʽü	處	5
cʽü	趣	3
cʽü-cü	處置	1
cʽü-cʽih	吹出	1
cʽü-cʽü	處處	1
cʽü-djôh	吹着	1
cʽü-dong	吹動	3
cʽü-dong-go	吹動個	1
cʽü-joh	取贖	16
cʽü-joh-go	取贖個	8
cʽü-ko	吹過	1
cʽü-ko-læ	吹過來	2
cʽü-leh-kyʽi	吹勒去	1
cʽü-læ	吹來	1
cʽü-pao	取保	1
cʽü-siao	取笑	6
cʽü-siao	吹簫	1
cʽü-siao-hao-ts	取笑好仔	2
cʽü-sing-vông-siang	癡心妄想	1
cʽü-tin-go	癡癲個	1
cʽü-tsing	娶進	7
cʽü-ʽao-dong	吹號筒	1
cʽü-ʽông	吹行	1
cʽün	穿	34
cʽün-dzing	穿城	1
cʽün-go	穿個	1
cʽün-hao	穿好	1
cʽün-ko	穿過	6
cʽün-leh	穿勒	23
cʽün-tih	穿的	2
cʽün-tih-de	穿的了	1
cʽün-ts	穿仔	1
cʽün-tsiah	穿着	4
cʽün-zông	穿上	17
da-bih	大闢	33
da-bih-go	大闢個	34
da-din	大殿	1
da-din-go	大殿個	1
da-dziang-fu	大丈夫	1
da-iah	大約	10
da-jing	大人	5
da-joh	大熟	1
da-joh-go	大熟個	1
da-kæ	大概	1
da-kʽeo	大口	1
da-li-da	大利大	1
da-mô	大瑪	1
da-mô-fong	大麻風	11
da-mô-fong	大麻风	2
da-mô-li	大馬哩	1
da-mô-nu-da	大瑪努大	1
da-mô-seh	大馬色	14
da-mô-seh-go	大馬色個	2
da-næn	大難	1
da-pi-da	大比大	2
da-su	大數	5
da-væn-go	大萬個	1
dah	踏	3
dah-diao	踏掉	2
dah-diao-ts	踏掉仔	1
dah-kyiah-teng	踏腳凳	8
dah-tʽa	達太	2
dah-wu	踏糊	1
dang-lôh	宕落	1
dang-lôh-læ	宕落來	1
dang-tong	宕東	1
dao	道	256
dao	逃	6
dao	稻	1
dao-cʽih	逃出	1
dao-de	道了	4
dao-dzing	陶成	7
dao-feh-ko	逃弗過	1
dao-go	道個	2
dao-gyi	道其	2
dao-li	道理	350
dao-li-go	道理個	12
dao-næn	逃難	1
dao-tao	逃到	1
dao-tseo	逃走	9
dao-tseo-de	逃走了	3
dao-tsʽao	稻草	1
dao-yi	道義	4
dao-yi-go	道義個	1
dao-z	道是	14
dao-zeh	盜賊	7
dao-zeh-go	盜賊個	1
dao-zông-kyʽi	逃上去	1
de	了	83
de	兌	4
de	隊	1
de-ho	隊夥	10
de-li	隊裏	5
de-tang-de	隊打隊	2
deh	奪	5
deh-i	特意	4
deh-jün	突然	7
deh-kyʽi	奪去	1
deh-lah-kʽo-nyi-di	特拉可尼提	1
deh-leh-kyʽi	奪勒去	12
deh-leh-kyʽi	奪了去	5
deh-leh-kyʽi-de	奪勒去了	2
deh-leh-læ	奪了來	2
deh-lo-fi-mo	特羅非摩	3
deh-lo-üô	特羅亞	6
deh-ma	特買	3
deh-ma-dziao	特買潮	2
deh-pi	特庇	3
deh-pi-go	特庇個	1
deh-we	特爲	22
den	窞	1
den-li	窞裏	2
deng	庉	109
deng-ba	藤牌	1
deng-cʽü	庉處	4
deng-de	庉了	1
deng-deng	庉庉	1
deng-feh-teh	庉弗得	1
deng-go	庉個	10
deng-ko	庉過	2
deng-kæn	庉間	3
deng-kæn-go	庉間個	2
deng-leh	庉勒	8
deng-leh	庉了	3
deng-long	庉攏	1
deng-læ	庉來	9
deng-lôh	庉落	14
deng-lôh-de	庉落了	1
deng-sing-ts	庉身之	2
deng-tih	庉的	2
deng-tih-go	庉的個	14
deng-tong	庉東	7
deng-zông	庉上	16
deo	頭	64
deo	投	7
deo-bong	頭篷	1
deo-fah	頭髮	21
deo-go	頭個	3
deo-ih	頭一	1
deo-ih-diao	頭一條	1
deo-ih-go	頭一個	12
deo-ih-kwang	頭一梗	1
deo-ih-kwʽe	頭一塊	5
deo-ih-kyʽi	頭一起	1
deo-ih-meng	頭一門	1
deo-ih-nyih	頭一日	3
deo-ih-tsao	頭一遭	1
deo-ih-tʽæ	頭一胎	2
deo-ih-vah	頭一伐	2
deo-kying	頭頸	7
deo-leh	投勒	1
deo-li	頭裏	8
deo-li-go	頭裏個	2
deo-lôh	投落	2
deo-lôh	頭落	1
deo-nao	頭腦	3
deo-nao-lah	頭腦拉	1
deo-nyih	頭日	9
deo-soh	投宿	1
deo-teng	頭頂	1
deo-ts	頭子	3
deo-tsao-ts	頭遭子	3
deo-voh	投伏	4
deo-we	頭位	5
deo-yia	頭夜	1
deo-yin	頭沿	1
deo-zông	頭上	11
di	地	39
di	遞	3
di	啼	2
di	提	2
di-bu	地步	8
di-bun	地盤	1
di-cing	地震	10
di-de	啼了	5
di-fông	地方	242
di-fông-go	地方個	12
di-go	地個	11
di-go	啼個	6
di-ih	第一	10
di-ih-da	第一埭	1
di-ih-go	第一個	4
di-ih-kʽo	第一顆	1
di-ih-tsah	第一隻	1
di-ih-tsao	第一遭	1
di-jih	第十	1
di-jih-ng	第十五	1
di-jih-s	第十四	1
di-ka	地界	11
di-kyi	地基	2
di-kyi-zông	地基上	1
di-kyiu	第九	1
di-kyüô-po-li	地加波利	2
di-kyüô-po-li	第加波利	1
di-kyʽi	提起	7
di-kyʽi-ko	提起過	1
di-kʽang-li	地坑裏	2
di-kʽoh	啼哭	12
di-kʽoh-go	啼哭個	8
di-li	地裏	1
di-loh	第六	1
di-loh-go	第六個	3
di-loh-ko	第六個	1
di-loh-kʽo	第六顆	1
di-meng	提門	1
di-ming	地名	1
di-mo-tʽa	提摩太	24
di-ng	第五	1
di-ng-go	第五個	2
di-ng-kʽo	第五顆	1
di-nyi	第二	41
di-nyi-dao	第二道	2
di-nyi-go	第二個	10
di-nyi-kʽo	第二顆	1
di-nyi-pin	第二遍	1
di-nyi-siu	第二首	1
di-nyi-tsao	第二遭	10
di-nyi-vah	第二伐	4
di-nyüoh	地獄	3
di-nyüoh-go	地獄個	3
di-nyüoh-li	地獄裏	4
di-nyüoh-li-go	地獄裏個	3
di-o-fi-lo	提阿非羅	2
di-pah	第八	5
di-pah-go	第八個	1
di-pi-li-üô	提比哩亞	3
di-pi-liu	提庇留	1
di-s	第四	2
di-s-go	第四個	4
di-s-kʽo	第四顆	1
di-sing	提醒	12
di-sæn	第三	22
di-sæn-go	第三個	6
di-sæn-kʽo	第三顆	1
di-sæn-tsao	第三遭	8
di-sæn-vah	第三伐	1
di-sæn-zeng	第三層	1
di-ti-ʽô	地底下	2
di-ti-ʽô-go	地底下個	1
di-ting	地丁	3
di-to	提多	13
di-to-go	提多個	3
di-tsʽih	第七	4
di-tsʽih-dæ-go	第七代個	1
di-tsʽih-go	第七個	3
di-tsʽih-kʽo	第七顆	1
di-tæn-kyʽi	提帶起	2
di-tʽu	地土	1
di-we	地位	5
di-yiang	地垟	21
di-yiang-li	地垟裏	25
di-yüih	地穴	2
di-zông	地上	26
di-zông-go	地上個	11
di-zông-kyʽi	提上去	4
di-ʽô	地下	22
di-ʽô-go	地下個	3
diah-dzing	疊成	1
diah-ts	碟子	2
diao	掉	9
diao	調	3
diao-bi	調皮	1
diao-diao-yüing-yüing	調調勻勻	1
diao-go	掉個	3
diao-kao	調覺	5
diao-kao-cün-læ	調覺轉來	2
diao-kao-go	調覺個	1
diao-leh	調了	3
diao-leh	調勒	3
diao-pæn	調班	1
diao-ts	條子	5
diao-tsʽiang	掉搶	1
diao-wun	調換	1
dih	狄	1
dih-koh	敵國	1
dih-ts	笛子	3
din	田	16
din	殿	11
din	甜	3
din-deo	田頭	10
din-deo-nying	田頭人	1
din-di	田地	8
din-di-li-go	田地裏個	1
din-dông-mih-ti	甜糖蜜渧	1
din-dông-mih-ti-go	甜糖蜜渧個	1
din-ia-pæn-go	田野畈個	1
din-kô	田價	1
din-leh	填勒	1
din-leh	墊勒	1
din-li	田裏	5
din-li	殿裏	3
din-li-go	田裏個	2
din-meo	田畝	1
din-pæn-li	田畈裏	3
din-tsiu	奠酒	2
ding	定	33
ding-dao	定道	1
ding-hao-go	定好個	3
ding-hao-kæn	定好間	1
ding-hao-liao	定好了	2
ding-hao-liao-go	定好了個	2
ding-jih	定實	1
ding-kwe	定規	20
ding-kwe-go	定規個	7
ding-kwe-liao	定規了	1
ding-kwe-peh	定規撥	1
ding-kyin	定見	5
ding-kæn-go	定間個	2
ding-leh	定了	1
ding-tông	停當	2
ding-ze	定罪	15
ding-ze-go	定罪個	2
ding-ze-ko	定罪過	1
djih-diao	絕掉	2
djih-kʽæ	絕開	2
djih-kʽæ-de	絕開了	1
djih-kʽæ-go	絕開個	2
djoh-nyih	逐日	1
djoh-nyih-go	逐日個	2
djong	蟲	5
djong	重	5
djong-deo	重頭	3
djong-djong	重重	3
djong-djong-go	重重個	2
djong-dzi	蟲豸	3
djong-dzi-go	蟲豸個	1
djong-go	重個	1
djong-jih	重入	1
djong-nyü	重語	1
djong-sang-cʽih-læ	重生出來	2
djong-seng	重生	1
djong-sin	重先	4
djong-tæn	重擔	6
djong-yin	重言	1
djô	搽	9
djô-djô	搽搽	1
djôh	着	4
djông-djôh	撞着	3
djông-djông	常常	29
djü	治	6
djü	除	5
djü	住	3
djü-cʽih	除出	3
djü-diao	除掉	5
djü-diao-de	除掉了	1
djü-diao-go	除掉個	1
djü-kyü	住居	1
djü-leh	除了	21
djü-leh	除勒	1
djü-mih	除滅	18
djü-mih-diao	除滅掉	1
djü-tih-go	住的個	1
djü-tong	住東	4
djü-ts	柱子	1
djü-tsʽ-ts-nga	除此之外	1
djün	傳	154
djün	全	4
djün-be	全備	20
djün-be-de	全備了	6
djün-be-go	全備個	11
djün-cong-tsih-dæ	傳宗接代	3
djün-dao	傳道	2
djün-dao-go	傳道個	6
djün-djün	全全	3
djün-djün-be-be	全全備備	3
djün-fu	全副	18
djün-go	傳個	12
djün-jün	全然	4
djün-ko-go	傳過個	1
djün-kyiao-go	傳教個	2
djün-kyʽi	傳去	1
djün-kʽæ	傳開	13
djün-kʽæ-go	傳開個	4
djün-kʽæ-kyʽi	傳開去	3
djün-long	傳攏	1
djün-læ-djün-kyʽi	傳來傳去	1
djün-lôh	傳落	1
djün-lôh-læ	傳落來	3
djün-lôh-læ-go	傳落來個	8
djün-neng	全能	3
djün-neng-go	全能個	7
djün-nyih	全日	1
djün-peh	傳撥	3
djün-pin	傳遍	2
djün-shü-go	全書個	1
djün-tʽeo	全斢	1
djün-yü	痊癒	10
djün-yü-de	痊癒了	2
djün-ziu	傳授	7
djün-ziu-feh-læ-go	傳授弗來個	1
djün-ziu-go	傳授個	2
do	大	132
do	馱	69
do	舵	1
do-beh	大鈸	1
do-bong	大篷	1
do-cʽih	馱出	9
do-cʽih-de	馱出了	1
do-cʽih-go	馱出個	2
do-cʽih-kyʽi	馱出去	1
do-cʽih-læ	馱出來	2
do-de	大了	3
do-do	大大	69
do-do-go	大大個	1
do-do-siao-siao	大大小小	3
do-du	大肚	3
do-du-go	大肚個	1
do-dông	大堂	1
do-fong	大風	2
do-go	大個	37
do-go	馱個	1
do-i	大衣	2
do-jü	大如	19
do-ka	大街	2
do-ka-zông	大街上	4
do-ka-zông-go	大街上個	1
do-ko	馱過	2
do-ko	馱個	1
do-ko-de	馱過了	2
do-ko-ts	馱過仔	2
do-kwe-mo	大規模	1
do-kwu-nyiang	大姑娘	6
do-kyih	大劫	1
do-kyü	馱歸	5
do-kyü-go	馱歸個	1
do-kyʽi	馱去	7
do-kyʽi	馱起	1
do-kyʽi-de	馱去了	1
do-kyʽi-læ	大起來	13
do-kyʽi-læ-go	大起來個	1
do-leh	馱勒	101
do-leh-kying	大勒緊	4
do-leh-kyʽi	馱勒去	3
do-li-go	舵裏個	1
do-long	大籠	1
do-long	馱攏	1
do-lu-zông	大路上	1
do-læ	馱來	21
do-lôh-læ	馱落來	2
do-mah	大麥	3
do-nyiang	大樣	85
do-nying	大人	17
do-nying-go	大人個	3
do-shü	大水	1
do-shü-go	大水個	1
do-siao	大小	3
do-tih	馱的	2
do-tih-go	馱的個	2
do-tin	馱點	2
do-tin	大點	1
do-ts	馱仔	5
do-tsing	馱進	1
do-tsiu	大酒	1
do-tsʽæ	大菜	1
do-tʽe-li	大腿裏	1
do-vu-tih-de	大糊的了	1
do-wô	大話	4
do-ʽo	大河	1
do-ʽong-go	大紅個	1
doh	讀	10
doh	獨	2
doh-djong	毒蟲	2
doh-doh	獨獨	4
doh-dzô	毒蛇	4
doh-dzô-go	毒蛇個	3
doh-fah	讀法	1
doh-go	讀個	9
doh-hao-ts	讀好仔	2
doh-ih	獨一	1
doh-ih-go	獨一個	1
doh-ih-we	獨一位	8
doh-ko	讀過	12
doh-kyʽi	毒氣	1
doh-meng	獨門	2
doh-ngæn	獨眼	2
doh-shü-nying	讀書人	67
doh-sing	毒心	2
doh-ts	讀仔	1
doh-yiah	毒藥	1
doh-yiang	獨養	8
doh-zi	獨自	10
doh-zih	毒食	1
dong	同	10
dong	動	9
dong	洞	7
dong	銅	4
dong-beng	銅盆	1
dong-de	同隊	61
dong-de-go	同隊個	9
dong-din	銅鈿	25
dong-go	動個	1
dong-hao	動好	1
dong-jün-go	同船個	1
dong-kyʽi	銅器	1
dong-kyʽi-læ	動起來	2
dong-lu-go	同路個	1
dong-ngæn	洞眼	1
dong-nu	動怒	8
dong-nyin	同年	1
dong-nyü	童女	6
dong-s-vu	銅師父	1
dong-si-dong-weh-go	同死同活個	1
dong-sing	動身	20
dong-sing-go	動身個	1
dong-sing-yiah-lih	同心協力	2
dong-sing-ʽeh-i	同心合意	12
dong-siu	動手	10
dong-tsôh-kyʽi-læ	動作起來	2
dong-z-go	同事個	4
dong-z-nying	同事人	1
dong-zih	同席	4
dong-zih-go	同席個	5
dong-zông	同牀	1
dong-ʽang-dong-zo	同行同坐	1
du-bi	肚皮	15
du-bi-li	肚皮裏	1
du-diao	塗掉	1
du-dziang	肚腸	1
du-ko	渡過	10
du-ko	度過	1
du-kyi	肚飢	19
du-kyi-de	肚飢了	4
du-kyi-go	肚飢個	2
du-liang	度量	1
du-liang	肚量	1
du-nyih	度日	2
du-nyih-go	度日個	1
du-siao	塗銷	2
du-tʽong	肚痛	1
dz-pe	慈悲	19
dz-pe-go	慈悲個	2
dz-pe-sing	慈悲心	12
dz-æ	慈愛	11
dza	咋	138
dza-go	咋個	149
dza-nyiang	咋樣	17
dza-siang-mao	咋相貌	1
dza-we	咋會	129
dza-we-we-leh	咋會爲了	1
dza-yi	咋挔	1
dzao-fæn	造反	2
dzao-fæn-go	造反個	2
dzao-yüih	巢穴	2
dzeh-ʽong-nyüoh	雜紅玉	1
dzeng	存	70
dzeng	曾	2
dzeng-go	存個	1
dzeng-hao-go	存好個	1
dzeng-kæn	存間	1
dzeng-leh	存勒	1
dzeng-læ	存來	3
dzeng-tih	存的	5
dzeng-tong	存東	3
dzi	池	1
dzi-de	遲了	3
dzi-li	池裏	4
dzi-li-go	池裏個	1
dzi-ngwu	遲誤	1
dzi-wun	遲緩	3
dziah	着	2
dziah-diao	着掉	1
dziah-go	着個	3
dziah-jih	着實	3
dziah-kyih	着急	3
dziah-kyih-de	着急了	1
dziah-kyih-sah	着急煞	1
dziah-kyʽi-læ	着起來	2
dziah-kyʽi-læ-de	着起來了	1
dziah-lih	着力	2
dziah-lôh	着落	1
dziah-pin	着遍	1
dziang	長	17
dziang	丈	1
dziang-be	長備	1
dziang-dziang	長長	4
dziang-kyiu	長久	11
dziang-kyiu-de	長久了	4
dziang-kyʽi-læ	長起來	2
dziang-m	丈姆	3
dziang-ming	長命	1
dziang-nying	丈人	1
dziang-pʽin	長篇	1
dziang-si	詳細	18
dziang-sæn	長衫	2
dziang-tsʽiang-siu	長槍手	1
dziang-tsʽih	丈尺	3
dziang-tön	長短	1
dziang-tʽong	長通	35
dziang-yün-de	長遠了	1
dziang-yün-ts	長遠之	5
dziang-ʽôh	長學	1
dziao	召	20
dziao	朝	4
dziao-ding-zông	朝廷上	1
dziao-go	召個	1
dziao-i	朝衣	1
dziao-leh	朝勒	17
dziao-long	召攏	1
dziao-long	朝攏	1
dziao-long-læ-go	召攏來個	1
dziao-læ	召來	21
dziao-læ-go	召來個	13
dziao-nyih	潮熱	6
dziao-shü	潮水	1
dziao-ʽeo	朝後	1
dzih	直	6
dzih	值	1
dzih-din-go	值鈿個	6
dzih-feh-kyʽi	直弗起	2
dzih-ka	直街	1
dzih-kyʽi-læ	直起來	3
dzih-kyʽi-læ-de	直起來了	1
dzih-lu	直路	1
dzih-tao	直到	4
dzih-teng-tao	直等到	5
dzin-dah	踐踏	1
dzin-dzin	漸漸	10
dzin-dæ	錢袋	3
dzin-kong-dzing-kyʽi	前功盡棄	1
dzin-kwʽu	錢庫	2
dzin-kwʽu-li	錢庫裏	3
dzin-tin-li	錢店裏	2
dzin-wô	纏話	2
dzin-ziao	纏擾	3
dzing	成	11
dzing	儘	1
dzing	剩	1
dzing	城	1
dzing	盡	1
dzing-cong	城中	1
dzing-djong-go	鄭重個	1
dzing-dzi	城池	1
dzing-dziu	成就	26
dzing-dziu-de	成就了	1
dzing-dziu-go	成就個	1
dzing-gyi	盡其	1
dzing-gyiu	仍舊	53
dzing-jih	誠實	14
dzing-jih-go	誠實個	14
dzing-kong	成功	11
dzing-kong-liao	成功了	1
dzing-kwun-go	成管個	2
dzing-kyiah-yin	城腳沿	2
dzing-kyin	成見	1
dzing-kô-go	成家個	2
dzing-leh	成勒	6
dzing-leh	乘勒	3
dzing-leh	剩勒	3
dzing-leh	成了	3
dzing-leh	剩了	2
dzing-leh	沉勒	1
dzing-li	城裏	1
dzing-li	情理	1
dzing-lin	成殮	2
dzing-lôh	剩落	5
dzing-lôh	沉落	1
dzing-lôh-kyʽi	沉落去	1
dzing-lôh-kyʽi-de	沉落去了	1
dzing-lôh-kæn-go	剩落間個	1
dzing-lôh-tong	剩落東	6
dzing-lôh-tong-go	剩落東個	6
dzing-meh	沉沒	1
dzing-meng	城門	5
dzing-meng-kʽeo	城門口	1
dzing-meng-nga	城門外	1
dzing-nga	城外	1
dzing-nying-tsiang-da	成人長大	5
dzing-nying-tsiang-da-go	成人長大個	1
dzing-nyün	情願	20
dzing-nyün-go	情願個	8
dzing-shü	陣勢	1
dzing-sing	誠信	1
dzing-sing	誠心	1
dzing-sing-gyih-lih	盡心竭力	3
dzing-ts	城子	32
dzing-ts	臣子	1
dzing-ts-go	城子個	2
dzing-tsʽing	成親	1
dzing-tông	承當	2
dzing-veng	情分	1
dzing-we	成爲	1
dzing-yüing	成孕	1
dzing-ziang	城牆	4
dziu	就	46
dziu-dih	仇敵	25
dziu-dih-go	仇敵個	1
dziu-væn	囚犯	1
dzoh-cong	族種	1
dzoh-li	族裏	1
dzoh-veng	族份	11
dzoh-wô	俗話	2
dzoh-yin	俗言	1
dzong	從	608
dzong	戎	1
dzong-deo-ngeng-tsih	從頭硬節	1
dzong-jün	從善	1
dzong-kwu-yi-læ	從古以來	1
dzong-kying-yi-ʽeo	從今以後	15
dzong-læ	從來	4
dzong-tsʽ	從此	1
dzong-tsʽ-ts-ʽeo	從此之後	1
dzong-tsʽ-yi-ʽeo	從此以後	3
dzong-zin	從前	11
dzu-long-læ-go	助攏來個	1
dzæ	在	18
dzæ-djün-teh-be	才全德備	1
dzæ-dzing	才情	3
dzæ-fông	纔方	5
dzæ-li	財利	1
dzæ-nen	在內	12
dzæ-nen-go	在內個	1
dzæ-neng	才能	4
dzæ-neng-go	才能個	1
dzæ-nga	在外	2
dzæ-nga-go	在外個	1
dzæ-s	纔始	7
dzæ-seng	在生	2
dzæ-shü	在世	2
dzæ-veh	財物	33
dzæ-veh-go	財物個	2
dzæ-zin-go	在前個	4
dzæ-zông	在上	1
dzæ-ü	在於	281
dzæ-ʽeo	在後	2
dzæ-ʽeo-go	在後個	4
dzæn-deng	暫庉	1
dzæn-deng-go	暫庉個	1
dzæn-deo	賺頭	4
dzæn-deo-go	賺頭個	1
dzæn-dzih	殘疾	4
dzæn-kyʽüih-go	殘缺個	1
dzæn-kyʽüih-peh-djün-go	殘缺不全個	1
dzæn-leh	賺了	1
dzæn-nyü	暫寓	1
dzæn-tin	賺點	1
dzæn-tsing	賺進	3
dzæn-tsʽeo	賺湊	2
dzæn-vông	棧房	1
dzæn-z	暫時	21
dzæn-z-go	暫時個	4
dzô	蛇	10
dzô	搽	1
dzô	茶	1
dzô-dzô-kʽen	查查看	1
dzô-go	蛇個	2
dzô-ko	查過	1
dzô-tsʽah	查察	14
dzô-tsʽah-go	查察個	1
dzô-tsʽah-kyi	查察記	1
dæ	待	40
dæ	代	15
dæ	抬	10
dæ-cʽih	抬出	1
dæ-cʽih-læ	抬出來	1
dæ-dæ	代代	2
dæ-go	抬個	2
dæ-gyiu	代求	1
dæ-kyʽi	抬起	14
dæ-kyʽi-læ	抬起來	1
dæ-leh	抬勒	5
dæ-leh	抬了	3
dæ-leh-læ	抬勒來	2
dæ-sia	代寫	1
dæ-teng	代等	4
dæ-teng	待等	1
dæ-tsing-kyʽi	抬進去	1
dæ-tæn-kyʽi	抬帶起	3
dæn	淡	1
dæn	蛋	1
dæn	談	1
dæn-cʽih	彈出	1
dæn-gying	彈琴	2
dæn-gying-go	彈琴個	1
dæn-nyün	但願	100
dæn-tsʽông	彈唱	1
dæn-wông-nyüoh	淡黃玉	1
dæn-yi-li	但以理	2
dæn-z	但是	305
dæn-zông-go	壇上個	1
dô-kô	大家	482
dôh-dzô	毒蛇	2
dôh-liang	度量	1
dông	堂	2
dông	蕩	2
dông-deo	蕩頭	80
dông-læ-dông-kyʽi	盪來盪去	3
dông-pin	蕩邊	10
dông-yiang	蕩樣	2
dön	斷	1
dön	緞	1
dön-de	斷了	6
dön-djih-de	斷絕了	1
dön-dön	團團	1
dön-kyʽün	團圈	30
dön-kyʽün-go	團圈個	2
dön-lôh	斷落	2
dön-lôh-de	斷落了	1
eh-pô-da	厄巴大	1
en	安	23
en	暗	13
en	按	9
en-bu-dziu-pæn	按部就班	1
en-coh	案桌	1
en-cong	暗中	2
en-de	暗了	1
en-di-ah	安提阿	19
en-di-pʽô	安提帕	1
en-di-pʽô-ti	安提帕底	1
en-dong-dong	暗洞洞	9
en-dong-dong-go	暗洞洞個	1
en-dzông	暗藏	7
en-dzông-go	暗藏個	2
en-en	按按	27
en-en	暗暗	3
en-en-jün-jün	安安然然	1
en-en-sing-sing	安安心心	3
en-en-tæn-tæn	安安耽耽	3
en-en-w̆eng-w̆eng	安安穩穩	6
en-en-zing-zing	安安靜靜	4
en-fi-po-li	暗妃波里	1
en-go	暗個	5
en-go	按個	3
en-go	安個	1
en-gyin	案件	21
en-hao-ts	安好仔	1
en-kyün	案卷	1
en-kæn	安間	7
en-kæn-go	安間個	2
en-leh	安勒	7
en-leh	按勒	2
en-lu	暗路	2
en-lôh	安樂	1
en-me	暗昧	1
en-pah-li	暗伯利	1
en-sih	安息	19
en-sih-de	安息了	1
en-sih-go	安息個	1
en-sih-nyih	安息日	51
en-sih-nyih-go	安息日個	4
en-sing	安心	3
en-siu	按手	1
en-siu-go	按手個	2
en-tah	安搭	2
en-teh	安得	1
en-teh-lih	安得烈	12
en-teh-lih-go	安得烈個	1
en-teng	安頓	2
en-to-nyi-kwu	安多尼古	1
en-tsông	安葬	6
en-tsông-hao	安葬好	4
en-tæn	安耽	14
en-veng	安分	1
en-w̆e	安慰	39
en-w̆e-de	安慰了	1
en-w̆e-go	安慰個	4
en-w̆e-ko-de	安慰過了	1
en-w̆eng	安穩	1
en-zing-de	安靜了	1
en-ʽao	暗號	2
eng	恩	5
eng-cʽong	恩寵	1
eng-nying	恩人	2
eng-s	恩賜	31
eng-s-go	恩賜個	1
eng-sông	恩賞	5
eng-we	恩惠	138
eng-we-go	恩惠個	8
eng-zo	恩座	1
eng-zông	恩上	1
eo	謳	181
eo-cʽih	謳出	1
eo-cʽih-læ	謳出來	3
eo-cʽih-læ-de	謳出來了	1
eo-hao-ts	謳好仔	1
eo-hyiang	謳響	4
eo-hyiang-go	謳響個	1
eo-kyʽi-læ	謳起來	29
eo-leh	謳勒	6
eo-leh-hyiang	謳勒響	1
eo-long	謳攏	20
eo-long-læ	謳攏來	4
eo-læ	謳來	1
eo-læ-eo-kyʽi	謳來謳去	1
eo-tao	傴倒	7
eo-tseng	嘔憎	1
fah	發	13
fah	法	1
fah-cʽih	發出	16
fah-cʽih-go	發出個	2
fah-cʽih-læ	發出來	7
fah-cʽih-læ-go	發出來個	1
fah-dong	發動	5
fah-dzæ	發財	3
fah-dzæ-de	發財了	1
fah-dông-zin	法堂前	3
fah-dông-zông	法堂上	3
fah-gwông	發狂	3
fah-gwông-de	發狂了	1
fah-gwông-go	發狂個	1
fah-gwông-tih-de	發狂的了	1
fah-gyih	發極	1
fah-hen-de	發憨了	1
fah-kao	發酵	2
fah-kwông	發光	2
fah-kyʽi	發起	2
fah-kyʽi-læ	發起來	1
fah-lao	法老	4
fah-lao-go	法老個	2
fah-leh	法勒	2
fah-leh	發勒	1
fah-leh-z	法勒士	4
fah-li-sæ	法利賽	102
fah-ne-lih-go	法內力個	1
fah-nu	發怒	1
fah-siao	發笑	1
fah-siu	發鏽	2
fah-siu-de	發鏽了	1
fah-siu-go	發鏽個	1
fah-sæn	發散	1
fah-teo	發抖	1
fah-tin-go	發癲個	1
fah-ts	法子	2
fah-tseh	法則	6
fah-tsôh	發作	3
fah-ông	發怏	1
fah-ông-de	發怏了	1
feh	弗	1649
feh-cü	弗知	1
feh-cü-feh-kôh	弗知弗覺	1
feh-cʽih	弗出	1
feh-djôh	弗着	3
feh-dzing-kong	弗成功	1
feh-dön-go	弗斷個	1
feh-fông-teh-go	弗妨得個	1
feh-hao	弗好	1
feh-hyiang-de	弗響了	1
feh-hyiao-teh	弗曉得	1
feh-hyih	弗歇	6
feh-hyih-go	弗歇個	2
feh-hyü	弗許	1
feh-i	弗依	1
feh-iao	弗要	2
feh-jih	弗實	1
feh-jü	弗如	2
feh-jün	弗然	16
feh-ken	弗敢	4
feh-keo	弗夠	1
feh-ko	弗過	7
feh-kong-yi	弗公義	2
feh-kyin	弗堅	2
feh-kyin	弗見	2
feh-kyin-de	弗見了	2
feh-kyin-go	弗見個	3
feh-kyin-ts	弗見仔	2
feh-kyʽi	弗起	3
feh-kyʽi	弗去	1
feh-kʽeng	弗肯	2
feh-kʽo	弗可	108
feh-leh-ken	弗勒干	1
feh-leng	弗論	60
feh-li-kyüô	弗呂家	3
feh-long	弗攏	1
feh-læ	弗來	1
feh-læ-go	弗來個	1
feh-lôh	弗落	1
feh-neng-keo	弗能夠	2
feh-næn	弗難	1
feh-pʽô	弗怕	1
feh-pʽô-gyü	弗怕懼	1
feh-siang-sing	弗相信	4
feh-sæ-ba-go	弗衰敗個	1
feh-sô-teh	弗捨得	6
feh-tao	弗倒	1
feh-tao	弗到	1
feh-tao-ts-cʽü	弗到之處	3
feh-teh	弗得	1
feh-teh-feh	弗得弗	3
feh-ts	弗止	2
feh-tsiao	弗照	9
feh-tso	弗做	1
feh-tsæ	弗再	1
feh-tæn-tsih	弗單只	2
feh-tʽen-seng	弗貪生	1
feh-vu	弗符	2
feh-we	弗會	10
feh-wô	弗話	1
feh-yüong	弗用	1
feh-z	弗是	417
feh-z-go	弗是個	1
feh-zing	弗曾	63
feng	分	38
feng	吩	1
feng	粉	1
feng	糞	1
feng-bah-liao-go	粉白了個	1
feng-bih	分別	1
feng-cʽih	分出	3
feng-feng-kʽæ	分分開	1
feng-feng-peh-ih	紛紛不一	2
feng-fu	吩咐	110
feng-fu-go	吩咐個	4
feng-fu-hao-ts	吩咐好仔	1
feng-kyi	糞箕	2
feng-kyü	分據	1
feng-kyʽüoh	分喫	1
feng-kʽæ	分開	17
feng-kʽæ-de	分開了	2
feng-kʽæ-go	分開個	1
feng-lih-kʽæ	分裂開	7
feng-ming	分明	1
feng-pih	分別	6
feng-pæn	粉板	1
feng-pʽa	分派	3
feng-pʽah-kʽæ	分𤖼開	1
feng-pʽeo	分剖	15
feng-pʽeo-go	分剖個	1
feng-pʽeo-kyi	分剖記	1
feng-se	粉碎	2
feng-tsʽeng	分寸	5
feng-tæn-kʽæ	分帶開	1
fi	費	3
fi-diao	廢掉	18
fi-diao	費掉	4
fi-diao-de	廢掉了	2
fi-diao-go	廢掉個	2
fi-dæn	非但	21
fi-go	飛個	2
fi-gying	飛禽	2
fi-kyih-lu	腓吉路	1
fi-lah-tʽih-fi	非拉鐵非	2
fi-li	非禮	18
fi-li-du	腓理徒	1
fi-li-go	非禮個	3
fi-li-meng	腓利門	1
fi-li-ts-dzæ	非禮之財	5
fi-lih	腓力	35
fi-lih-go	腓力個	5
fi-lih-pi	腓立比	5
fi-lih-pi	腓力比	1
fi-lih-z	腓力士	8
fi-lih-z-go	腓力士個	1
fi-lo-lo-kwu	非羅羅古	1
fi-læ	飛來	3
fi-nyi-keh	腓尼革	2
fi-nyi-kyi	腓尼基	3
fi-pi	腓比	1
fi-pʽao	飛跑	1
fi-tao	飛到	1
fi-tsʽe	翡翠	1
fi-tsʽe-nyüoh	翡翠玉	1
fi-væn	非凡	4
fi-væn-go	非凡個	1
fi-wun	費完	1
fi-wun-de	費完了	1
fi-yi-ts-dzæ	非義之財	2
fi-yüong	費用	3
fi-z-tu	非士都	14
fi-zông	飛上	1
foh-du-neh	福徒納	1
foh-ing	福音	122
foh-ing-go	福音個	14
foh-kyʽi	福氣	68
foh-kyʽi-go	福氣個	1
foh-li	福禮	7
foh-yün	福園	2
foh-yün-li	福園裏	1
fong	風	28
fong	封	5
fong-bi	封皮	2
fong-bing	風病	1
fong-de	風了	3
fong-dzoh	風俗	2
fong-hao	封好	3
fong-jü	楓樹	1
fong-jü-li	楓樹裏	1
fong-kwʽa	鋒快	1
fong-kwʽa-go	鋒快個	3
fong-kyʽi	風氣	1
fong-li	鋒利	1
fong-li-go	鋒利個	3
fong-lông	風浪	1
fong-shü	風水	1
fong-sing	風聲	5
fong-siu	風手	2
fong-tih	封的	1
fong-tʽæn	風癱	14
fong-tʽæn	瘋癱	1
fong-tʽæn-go	風癱個	2
fong-wông-go	封王個	1
fong-yü	風雨	1
fu	傅	6
fu	咐	1
fu-deo	斧頭	2
fu-fu	㩤㩤	1
fu-fu	傅傅	1
fu-hao	敷好	1
fu-kwe	富貴	2
fu-ts	夫子	17
fu-tsoh	富足	14
fu-tsoh-de	富足了	1
fu-tsoh-go	富足個	9
fu-tsôh	富足	4
fu-tsôh-de	富足了	1
fu-yiang	撫養	3
fu-yiu	傅油	3
fu-yiu-go	傅油個	1
fæ	覅	2
fæ-gyi	覅其	1
fæ-gyi-go	覅其個	1
fæn	翻	4
fæn	反	1
fæn	販	1
fæn-cün	反轉	56
fæn-cʽih-læ	翻出來	7
fæn-hwe	反悔	2
fæn-hyiang	反向	8
fæn-hyiang	反響	1
fæn-ko	翻過	2
fæn-ko-de	翻過了	2
fæn-læ-foh-kyʽi	翻來覆去	1
fæn-lön	反亂	3
fæn-ping	番餅	3
fæn-tao	翻倒	1
fæn-yih	翻譯	6
fông	放	58
fông	紡	1
fông-cün-læ-gyi	放轉來其	1
fông-cʽih	放出	5
fông-cʽih-ts	放出仔	1
fông-diao	放掉	1
fông-fah	方法	15
fông-hao	放好	1
fông-jün	方船	3
fông-kæn-go	放間個	1
fông-kæn-ts	放間仔	1
fông-kʽæ-de	放開了	1
fông-kʽæ-kyʽi	放開去	1
fông-leh	放勒	11
fông-lôh	放落	2
fông-s	放肆	1
fông-sing	放心	16
fông-song	放鬆	1
fông-teh-go	妨得個	1
fông-tæn	放膽	37
fông-tæn-go	放膽個	1
fông-tæn-kʽæ	放膽開	1
fông-tæn-tin	放膽點	1
gao-kwu	絞股	2
gao-lôh	交落	3
gao-lôh-tong	交落東	1
go	個	1552
gwah-gwah-teo	刮刮抖	8
gwe-song	饋送	1
gwæn-lôh	摜落	1
gwông	狂	1
gwông-fong	狂風	5
gwông-vông	狂妄	3
gyi	其	4499
gyi	騎	1
gyi-cong	其中	13
gyi-cʽih-gyi-yiang-go	奇出奇樣個	1
gyi-din	其田	1
gyi-dæn	忌憚	1
gyi-go	其個	454
gyi-ko	騎過	2
gyi-kwa	奇怪	7
gyi-lah	其拉	1794
gyi-lah-go	其拉個	77
gyi-leh	騎勒	3
gyi-ming	其命	1
gyi-mô	騎馬	2
gyi-nyü	妓女	2
gyi-tao	祈禱	1
gyi-tih	騎的	1
gyi-tih-go	騎的個	5
gyi-ts	騎仔	2
gyi-z	奇事	32
gyi-z-go	奇事個	1
gyi-zi	其自	95
gyi-zi-go	其自個	56
gyi-zông-kyʽi	騎上去	4
gyiah	𧾵	1
gyiang	滰	21
gyiang	弶	6
gyiang	強	2
gyiang-bin	強辯	3
gyiang-bin-go	強辯個	2
gyiang-dao	強盜	12
gyiang-deh	強奪	1
gyiang-deo-gyüih-nao	犟頭倔腦	1
gyiang-diao	滰掉	4
gyiang-go	強個	1
gyiang-gyiang	滰滰	9
gyiang-hao	滰好	2
gyiang-ken-zing	滰乾淨	1
gyiang-ken-zing-go	滰乾淨個	1
gyiang-ko-go	滰過個	1
gyiang-ko-liao	滰過了	1
gyiang-leh	滰勒	2
gyiang-læ-gyiang-kyʽi	滰來滰去	1
gyiang-nyüoh-go	滰肉個	1
gyiang-siu	滰手	1
gyiang-wang	強橫	1
gyiang-wang-pô-dao	強橫霸道	1
gyih-deo	極頭	10
gyih-gah	及軋	1
gyih-jü	及如	3
gyih-lih	竭力	3
gyin	健	1
gyin-djü	鉗住	1
gyin-dzing	虔誠	18
gyin-dzing-go	虔誠個	4
gyin-gyin-sing-sing	虔虔心心	1
gyin-li	圈裏	1
gyin-sing	虔心	17
gyin-sing-go	虔心個	7
gyin-tang-gyin	件打件	1
gyin-tsang-de	健爭了	1
gyin-tsang-kyʽi-læ	健爭起來	1
gying	琴	2
gying	近	1
gying-bin	近便	1
gying-dao	勁道	3
gying-de	近了	12
gying-di	近地	1
gying-go	近個	2
gying-gying	勤勤	1
gying-lih	勤力	4
gying-long	近攏	6
gying-long-kyʽi	近攏去	1
gying-long-læ-de	近攏來了	8
gying-læ	近來	2
gying-ng	鯨魚	1
gying-sing	近身	1
gying-sing-feh-long	近身弗攏	2
gying-sing-feh-long-go	近身弗攏個	1
gying-sing-kwun	近身官	1
gying-tin	近點	1
gying-tsʽæ	芹菜	1
gying-wu	近乎	2
gyiu	求	117
gyiu	舊	12
gyiu	球	1
gyiu-fah	求法	1
gyiu-go	舊個	5
gyiu-go	求個	4
gyiu-gyiu	求求	21
gyiu-hao-de	求好了	1
gyiu-iah	舊約	1
gyiu-kao	求告	1
gyiu-ko	求過	1
gyiu-ko-de	求過了	1
gyiu-kyʽi-læ	舊起來	1
gyiu-kʽeng	求懇	14
gyiu-leh	求勒	1
gyiu-nyin	舊年	1
gyiu-nyin-ts	舊年子	1
gyiu-nying	舊人	3
gyiu-tsʽo	求錯	1
gyiu-yüong	求榮	1
gyiu-ʽo	求和	2
gyü-deo	櫃頭	3
gyü-djih	拒絕	4
gyü-hyih	懼脅	3
gyü-lôh	跪落	11
gyü-tao	跪倒	3
gyü-tæn-tao	跪帶倒	1
gyüih	掘	4
gyüih-leh	掘勒	1
gyün-deo	拳頭	3
gyün-kyʽi	倦去	3
gyün-ping	權柄	114
gyün-shü	權勢	3
gyüong	窮	3
gyüong-dzing	窮盡	1
gyüong-go	窮個	2
gyüong-gyüong	窮窮	2
gyüong-kwʽu	窮苦	4
gyüong-kwʽu-go	窮苦個	2
gyüong-nying	窮人	24
gæ-djôh	戤着	8
gæ-go	寋個	1
gæ-tao	戤到	2
gôh	擱	2
gôh-djôh	擱着	1
gôh-lao	擱牢	1
ha-læn	哈蘭	2
ha-meh	哈抹	1
hah	喝	41
hah	瞎	1
hah-de	喝了	1
hah-go	喝個	6
hah-hah	喝喝	6
hah-hah	嚇嚇	1
hah-ko-de	喝過了	1
hah-leh	嚇勒	7
hah-li-lu-yia	哈哩路耶	4
hah-ngæn	瞎眼	17
hah-ngæn-go	瞎眼個	2
hah-sah	嚇煞	1
hah-tao-de	嚇倒了	1
hah-ts	瞎子	33
hah-ts-go	瞎子個	6
hao	好	1435
hao-cʽü	好處	41
hao-cʽü-go	好處個	2
hao-de	好了	12
hao-go	好個	45
hao-gyi	好其	3
hao-hao	好好	21
hao-hao-go	好好個	2
hao-hao-tæ-tæ	好好歹歹	1
hao-hyiao-teh	好曉得	1
hao-i	好意	1
hao-jü	好如	3
hao-kyi	好幾	4
hao-kyi-go	好幾個	3
hao-kʽen-go	好看個	2
hao-lao	好佬	3
hao-lao-go	好佬個	2
hao-leh-kying	好勒緊	1
hao-nyih	好日	7
hao-nyih-ko	好日過	1
hao-nyih-tsiu	好日酒	11
hao-nying	好人	6
hao-pi-ziang	好比像	1
hao-s-teh	好使得	2
hao-s-teh-go	好使得個	3
hao-sing	好心	4
hao-tin	好點	1
hao-tong-de	好東了	1
hao-tæ	好歹	5
hao-vong	好甮	93
hao-wô	好話	1
hao-yiang	好樣	1
hao-z	好事	21
hao-ziang	好像	4
he	許	1
heh	黑	2
heh-en	黑暗	28
heh-en-de	黑暗了	4
heh-en-go	黑暗個	9
heh-heh-go	黑黑個	1
heh-kyʽi	黑氣	1
heh-mi	黑米	1
heh-mo-gyi-nyi	黑摩其尼	1
heh-mô	黑馬	1
heh-tsao	黑早	2
hen-kyʽi-læ	撼起來	1
heng	狠	16
heng-hô	狠呵	2
heo	鱟	2
ho	火	45
ho-djü	火柱	1
ho-dziah-go	火着個	2
ho-go	火個	2
ho-kwông	火光	10
ho-kyi	夥計	1
ho-kyʽi	火氣	1
ho-kʽang-li	火坑裏	3
ho-li	火裏	16
ho-long	藃攏	1
ho-lu-go	火爐個	1
ho-lu-li	火爐裏	5
ho-nyih-go	火熱個	1
ho-nyih-tʽih-tʽah	火熱鐵塌	1
ho-pô	火把	2
ho-siao-go	火燒個	1
ho-sing	火星	1
ho-tsin	火箭	1
ho-veh	貨物	6
ho-yin	火焰	1
ho-zih	伙食	1
hong	烘	1
hong-ho	烘火	2
hong-hong	烘烘	1
hong-hong-ho	烘烘火	1
hong-nying-tsing	哄人精	1
hong-pʽin	哄騙	10
hong-pʽin-go	哄騙個	2
hong-yiu	哄誘	5
hwa-zia-go	歪斜個	1
hwah-diao	甩掉	2
hwah-diao-ts	甩掉仔	1
hwe	灰	1
hwe-diao	毀掉	11
hwe-dzing	灰塵	18
hwe-kæ	悔改	7
hwe-seh-go	灰色個	1
hweh-jün	忽然	10
hweh-kʽæ	豁開	1
hweh-liah	忽略	1
hweh-r-jün	忽而然	7
hweng	葷	1
hweng-ing	婚姻	1
hweng-pʽe	婚配	3
hweng-pʽe-go	婚配個	1
hwu-tsiang	呼粻	1
hwun-hwun-hyi-hyi	歡歡喜喜	24
hwun-hyi	歡喜	158
hwun-hyi-de	歡喜了	2
hwun-hyi-feh-sah	歡喜弗煞	1
hwun-hyi-go	歡喜個	22
hwun-hyi-siang	歡喜相	5
hwun-lôh-go	歡樂個	2
hwô	花	10
hwô	化	1
hwô-diao	化掉	2
hwô-diao	花掉	1
hwô-we-bing-di	化爲平地	1
hwô-we-u-yiu	化爲烏有	2
hwô-yün	花園	4
hwô-yün-li	花園裏	1
hwông-di	荒地	2
hwông-kao	謊告	6
hwông-nyin	荒年	8
hwông-tsʽia	況且	18
hwông-wô	謊話	7
hwông-ʽen	荒旱	2
hyi-gyi	稀奇	63
hyi-gyi-de	稀奇了	2
hyi-gyi-go	稀奇個	3
hyi-hyi	嬉戲	1
hyi-lah	希臘	34
hyi-lah-po-lih	希拉波立	1
hyi-li	希里	1
hyi-li-go	希里個	1
hyi-li-nyi	希利尼	2
hyi-lih	希律	49
hyi-lih-go	希律個	4
hyi-lo-ti	希羅底	2
hyi-lo-ti-go	希羅底個	5
hyi-lo-tʽin	希羅天	1
hyi-long	戲弄	3
hyi-pah	希伯	2
hyi-pah-læ	希伯來	7
hyi-pah-læ-go	希伯來個	6
hyi-r-mi	希耳米	1
hyi-si-kyüô	希西家	2
hyi-siao	嬉笑	1
hyi-veng-dziang-li	戲文場裏	2
hyiah-wô	謔話	1
hyiang	向	268
hyiang	響	21
hyiang	享	4
hyiang	香	4
hyiang-djôh	向着	18
hyiang-dæn-go	香壇個	1
hyiang-go	響個	2
hyiang-go	鄉個	1
hyiang-go	香個	1
hyiang-gyi	響其	1
hyiang-hyiang	響響	30
hyiang-kyʽi	香氣	4
hyiang-le	響雷	4
hyiang-le-ko-de	響雷過了	1
hyiang-liang	響亮	2
hyiang-liao	香料	5
hyiang-lu	香爐	14
hyiang-moh	香木	1
hyiang-ng-lah	向爾拉	1
hyiang-sing	鄉紳	3
hyiang-ts	香子	1
hyiang-tsʽeng	鄉村	25
hyiang-tsʽeng-li	鄉村裏	1
hyiang-yiu	香油	14
hyiang-ʽô	鄉下	7
hyiao	哮	1
hyiao-jing	孝順	1
hyiao-kying	孝敬	1
hyiao-kʽæ	𢳚開	2
hyiao-kʽæ-ts	𢳚開仔	1
hyiao-teh	曉得	487
hyiao-teh-de	曉得了	2
hyiao-teh-go	曉得個	60
hyiao-teh-gyi	曉得其	1
hyih	歇	5
hyih-de	歇了	1
hyih-feh-læ	歇弗來	3
hyih-kʽeo	歇口	5
hyih-siu	歇手	1
hyih-ts	蠍子	3
hyih-tsôh	歇作	3
hyih-zông	歇上	1
hyin	獻	17
hyin	顯	3
hyin-cʽih	顯出	72
hyin-cʽih-de	顯出了	1
hyin-cʽih-go	顯出個	3
hyin-cʽih-læ	顯出來	48
hyin-cʽih-læ-de	顯出來了	1
hyin-cʽih-læ-go	顯出來個	5
hyin-cʽih-tong	顯出東	1
hyin-hyin-go	險險個	1
hyin-jün	顯然	1
hyin-ling	顯靈	14
hyin-ling-go	顯靈個	1
hyin-ling-z	顯靈是	1
hyin-sing-go	獻新個	1
hyin-tsi-go	獻祭個	1
hyin-zông	獻上	20
hyin-zông-go	獻上個	2
hyin-zông-kyʽi	獻上去	1
hying-kyʽi-læ	興起來	4
hying-wông	興旺	4
hyü	許	26
hyü-go	虛個	5
hyü-hwô	虛花	3
hyü-hwô-go	虛花個	4
hyü-hyih	虛㽺	4
hyü-hyih-go	虛㽺個	1
hyü-ko-de	許過了	1
hyü-kæn	許間	1
hyü-kô-go	虛假個	1
hyü-mi-næ	許米乃	2
hyü-nyün	許願	1
hyü-to	許多	242
hyü-to	许多	1
hyü-veo-go	虛浮個	2
hyü-vông	虛妄	1
hyü-vông-go	虛妄個	1
hyü-wô	虛話	4
hyüih	血	85
hyüih-cʽih	血出	1
hyüih-din	血田	2
hyüih-kyʽi	血氣	11
hyüih-kyʽi-go	血氣個	2
hyüih-leo	血漏	4
hyüih-leo-go	血漏個	1
hyüih-mah	血脈	1
hyüih-sing	血心	26
hyüih-ʽong	血紅	1
hyüing	勛	1
hyüing-hwe	訓誨	3
hyüing-zông	燻上	2
hyüong	嗅	2
hyüong-cong	胸中	3
hyüong-cü	嗅嘴	5
hyüong-cü-go	嗅嘴個	7
hyüong-di	兄弟	368
hyüong-di-go	兄弟個	8
hyüong-hyin-go	兇險個	1
hyüong-hyüong	嗅嗅	2
hyüong-hyüong-cü	嗅嗅嘴	1
hyüong-kwun-deo	胸脘頭	12
hyüong-sah	兇殺	1
hyüong-siu	兇手	12
hyüong-ôh	兇惡	15
hyüong-ôh-go	兇惡個	4
hæ	海	46
hæ-du-go	海塗個	1
hæ-du-zông	海塗上	4
hæ-go	海個	2
hæ-kʽeo	海口	1
hæ-li	海裏	33
hæ-li-go	海裏個	4
hæ-min-hwô	海綿花	3
hæ-pin	海邊	1
hæ-shü	海水	1
hæ-sæn	海山	1
hæ-tao	海島	6
hæ-tao-go	海島個	2
hæ-tao-li	海島裏	2
hæ-yiang	海洋	1
hæ-yiang-li	海洋裏	1
hæ-yiang-li-go	海洋裏個	1
hæ-zông	海上	2
hô	颬	1
i	依	60
i	醫	45
i-bing-go	醫病個	3
i-cʽih	挔出	4
i-cʽih-ts	挔出仔	2
i-cʽün	衣穿	2
i-diao	饐掉	1
i-dzong	依從	23
i-hao	醫好	20
i-hao-de	醫好了	5
i-hao-go	醫好個	7
i-jing	依順	51
i-jing-go	依順個	11
i-kyin	意見	1
i-kʽao	倚靠	1
i-leh	依勒	14
i-leh	依了	1
i-li	意裏	2
i-liang-go	醫亮個	1
i-lu	依路	8
i-nga	意外	2
i-pin	依邊	1
i-s	意思	64
i-sang	醫生	7
i-sing-mun-tsoh	依心滿足	4
i-sæn	衣衫	1
i-tin	依點	3
i-tin	挔點	1
i-voh	衣服	3
i-z	依侍	1
i-z	倚侍	1
i-z-go	倚恃個	1
i-zông	衣裳	100
iah	約	28
iah-ding-leh	約定了	1
iah-dæn	約但	15
iah-go	約個	5
iah-hao	約好	3
iah-ling	約令	2
iah-læ	約來	13
iah-læn	約蘭	2
iah-nen	約南	2
iah-nô	約拿	4
iah-nô-go	約拿個	9
iah-pah-go	約伯個	1
iah-pʽô	約帕	9
iah-pʽô-go	約帕個	1
iah-r	約珥	1
iah-seh	約瑟	37
iah-seh-go	約瑟個	5
iah-shü	約書	1
iah-shü-üô	約書亞	2
iah-si	約西	3
iah-si	約細	2
iah-si-go	約西個	3
iah-si-üô	約西亞	2
iah-siang	約箱	3
iah-sô-fah	約沙法	2
iah-tæn	約担	2
iah-üô-nô	約亞拿	4
iah-ʽen	約翰	123
iah-ʽen-go	約翰個	32
iang	養	6
iang	秧	2
iang-do	養大	1
iang-do-go	養大個	2
iang-leh	養勒	1
iang-ts	秧子	24
iao	要	1103
iao	舀	1
iao-bo-li	腰縛裏	3
iao-bông	要防	5
iao-cʽih-læ	舀出來	1
iao-go	要個	7
iao-hyih	腰脅	3
iao-hyih-li	腰脅裏	3
iao-kweh	腰骨	1
iao-kyi	要記	6
iao-kying	要緊	8
iao-kying-go	要緊個	5
iao-siang	要想	45
iao-ziang	要像	1
ih	一	119
ih-bih	一別	1
ih-bing	一瓶	3
ih-cü	一株	7
ih-cʽü	益處	36
ih-cʽü	一處	1
ih-da	一埭	8
ih-dao	一道	2
ih-de	一隊	7
ih-deo	一頭	4
ih-diao	一條	7
ih-din	一鈿	6
ih-ding-go	一定個	1
ih-ding-peh-yih-go	一定不易個	1
ih-do-dziao	一大潮	48
ih-do-pun	一大半	5
ih-dziao	一潮	9
ih-dziao-sang	一潮生	1
ih-dzih	一直	76
ih-dzih-lôh-læ	一直落來	1
ih-dzing	一陣	1
ih-dzing-tsi-lu	一成濟路	1
ih-dön	一團	1
ih-en	一按	8
ih-feng	一分	1
ih-fong	一封	2
ih-fæn	一番	8
ih-go	一個	677
ih-go-pun	一個半	1
ih-gyin	一件	2
ih-gyin-sang	一件生	1
ih-gyüih	一掘	1
ih-hyiang	一向	17
ih-kang	一更	1
ih-keng	一根	16
ih-ko	一個	1
ih-ko-sang	一個生	9
ih-koh	一國	4
ih-kwang	一梗	4
ih-kwu	一股	4
ih-kwun	一管	3
ih-kwông	一光	1
ih-kwʽe	一塊	26
ih-kyi	一記	2
ih-kying	一斤	1
ih-kyü	一句	21
ih-kyüing	一鈞	1
ih-kyün	一卷	3
ih-kyʽi	一起	1
ih-kyʽiu	一丘	1
ih-kæn	一間	3
ih-kô	一家	11
ih-kô-go	一家個	4
ih-kʽeh	一刻	3
ih-kʽen	一看	9
ih-kʽeo	一口	3
ih-kʽo	一顆	6
ih-li	一厘	1
ih-li	一禮	1
ih-li	一里	1
ih-liang-go	一兩個	1
ih-liang-yiang	一兩樣	2
ih-lih	一粒	12
ih-lin	一摙	1
ih-lin	一連	1
ih-lu-sang	一路生	1
ih-lôh	一落	1
ih-me	一枚	2
ih-meh	一末	2
ih-min	一面	2
ih-mông	一網	1
ih-nen	一男	2
ih-ngæn	一眼	138
ih-ngæn-go	一眼個	1
ih-ngæn-ngæn	一眼眼	1
ih-nyih	一日	18
ih-nyih-go	一日個	2
ih-nyin	一年	4
ih-nyü	一女	2
ih-pah	一百	12
ih-pah-leo	一百簍	1
ih-pah-tsah	一百隻	2
ih-pah-zah	一百石	1
ih-pe	一杯	2
ih-peng	一本	1
ih-pin	一邊	5
ih-pun	一半	2
ih-pæn	一班	7
ih-pæn	一般	2
ih-pæn	一畈	1
ih-pô	一把	3
ih-pʽa	一派	1
ih-pʽih	一匹	14
ih-pʽin	一片	2
ih-sah	一𥈊	1
ih-sah-de	溢煞了	2
ih-sah-z	一霎時	1
ih-sang-ih-si	一生一世	1
ih-sang-ih-si-go	一生一世個	1
ih-seh-s-yiang	一色斯樣	1
ih-seh-s-yiang-go	一色斯樣個	1
ih-seng	一生	1
ih-shông	一雙	1
ih-sing	一聲	15
ih-sing	一心	8
ih-sing	一升	1
ih-sing-dzing-nyün	一心情願	2
ih-sing-ih-i	一心一意	3
ih-siu	一首	2
ih-tang-ih	一打一	2
ih-tao	一到	1
ih-tiao	一吊	1
ih-tin	一點	2
ih-ting	一頂	17
ih-ts	一支	1
ih-tsah	一隻	39
ih-tsao	一遭	20
ih-tsiang	一張	2
ih-tsih	一節	1
ih-tsing	一進	4
ih-tsʽih	一切	56
ih-tsʽih-go	一切個	74
ih-tsʽin	一千	14
ih-tsʽæn	一餐	2
ih-tô	一朵	8
ih-tʽah	一𡍲	18
ih-tʽi	一體	7
ih-tʽi-sang	一體生	1
ih-veng	一份	10
ih-væn	一萬	1
ih-wah	一劃	1
ih-we	一位	17
ih-yia	一夜	3
ih-yiang	一樣	112
ih-yiang-go	一樣個	21
ih-ying	一營	1
ih-yüih	一穴	1
ih-yün	一園	4
ih-z-li	一時裏	8
ih-zih	一席	2
ih-zo	一座	11
ih-zông	一晌	19
ih-zông-zông	一晌晌	1
in	煙	12
in-go	煙個	1
in-li	煙裏	1
in-tseng	厭憎	10
in-væn	厭煩	1
ing	印	40
ing	應	4
ing	影	1
ing-cü	應嘴	1
ing-de	應了	2
ing-deo	因頭	2
ing-deo	印頭	1
ing-djôh	應着	5
ing-djôh	影着	1
ing-dzing	茵陳	2
ing-dzing	應承	1
ing-dzông	隱藏	1
ing-dzông-go	隱藏個	1
ing-dzông-kæn	隱藏間	2
ing-dzông-tih	隱藏的	3
ing-dzông-tih-go	隱藏的個	3
ing-feh-læ	應弗來	1
ing-gying	殷勤	7
ing-hyü	應許	72
ing-hyü-de	應許了	5
ing-hyü-go	應許個	13
ing-ing	殷殷	1
ing-ing-dong	隱隱動	1
ing-kyʽi	應起	10
ing-kyʽi-læ	應起來	1
ing-kæ	應該	36
ing-kæ-go	應該個	13
ing-kæn-go	陰間個	1
ing-kæn-li	陰間裏	1
ing-leh-læ	應勒來	1
ing-mun	隱瞞	5
ing-mun-feh-læ	隱瞞弗來	1
ing-nyiæn	應驗	5
ing-nyiæn-de	應驗了	1
ing-nyiæn-go	應驗個	2
ing-s	陰司	4
ing-s-go	陰司個	1
ing-s-li	陰司裏	6
ing-te	應對	1
ing-teh	應得	4
ing-teh-go	應得個	2
ing-tih	印的	1
ing-ts	印子	1
ing-tsing	印證	5
ing-tsong	影蹤	3
ing-tông	應當	8
ing-tông-go	應當個	1
ing-we	因爲	933
ing-weng	陰魂	3
ing-yiu	因由	1
ing-yüong	英雄	1
ing-yüong-go	應用個	1
ing-yüong-go	英雄個	1
ing-zih	飲食	1
iu	幽	1
iu	憂	1
iu-leh	幽勒	1
iu-meng	憂悶	45
iu-meng-de	憂悶了	1
iu-meng-go	憂悶個	1
iu-meng-hyü-to	憂悶許多	1
iu-meng-siang	憂悶相	3
iu-tsing	幽進	1
iu-zông	憂上	1
jih	入	4
jih	實	1
jih-de	集隊	2
jih-deo	十頭	1
jih-deo-pah	十頭八	1
jih-deo-pah-li	十頭八里	1
jih-dzing	實情	1
jih-dzæ	實在	34
jih-feng	十分	5
jih-go	十個	7
jih-ih	十一	2
jih-ih-go	十一個	5
jih-jih-we-we	實實惠惠	4
jih-kwu	十股	3
jih-kwu-teh-ih	十股得一	7
jih-kwu-ts-ih	十股之一	1
jih-kwʽe	十塊	6
jih-kwʽe-den	十塊頭	1
jih-kyiao	入教	3
jih-leh	入了	1
jih-leh-mo-de	入了魔了	1
jih-liang	十兩	1
jih-lin	習練	11
jih-lin-ko-læ-go	習練過來個	1
jih-loh-go	十六個	1
jih-mo	入魔	3
jih-mo-go	入魔個	11
jih-mo-tih-de	入魔的了	1
jih-ng	十五	1
jih-ng-jing	十五仞	1
jih-nyi	十二	45
jih-nyi-cong	十二種	1
jih-nyi-da	十二埭	1
jih-nyi-dao	十二道	2
jih-nyi-go	十二個	29
jih-nyi-kʽo	十二顆	1
jih-nyi-lih	十二粒	1
jih-nyi-vông	十二房	2
jih-nyih-go	十日個	1
jih-pah	十八	2
jih-pah-go	十八個	1
jih-s	十四	7
jih-s-væn	十四萬	1
jih-tsah	十隻	6
jih-tsing	入進	2
jih-tsôh	十足	1
jih-tsʽin	十千	1
jih-we	實惠	24
jih-we	實爲	6
jih-we-go	實惠個	17
jih-z-kô	十字架	35
jih-z-kô-go	十字架個	6
jih-z-kô-zông	十字架上	36
jing	純	2
jing	神	1
jing-da	順埭	1
jing-dông	神堂	1
jing-kang	巡更	1
jing-koh	神國	8
jing-koh-go	神國個	16
jing-koh-li	神國裏	5
jing-kwe-dao-kyü	循規蹈矩	3
jing-kyʽi	忍氣	1
jing-kyʽi-tʽeng-sing	忍氣吞聲	2
jing-liu	順流	1
jing-lu	順路	2
jing-ming	神明	960
jing-ming-go	神明個	493
jing-na	人奶	1
jing-næ	忍耐	49
jing-næ-feh-djü	忍耐弗住	2
jing-sing	仁心	1
jing-siu-pin	順手邊	35
jing-tsah	順隻	16
jing-tsah-siu	順隻手	1
jing-tsih	神蹟	45
jing-tu-kyi	循都基	1
jing-tʽi	神體	2
jing-ziang	神像	1
jing-æ	仁愛	53
jing-æ-go	仁愛個	12
joh	贖	1
joh-de	熟了	2
joh-go	熟個	3
joh-nying	熟人	1
joh-ze	贖罪	3
joh-ze-go	贖罪個	7
joh-ü	屬於	71
joh-ʽô	屬下	1
jô-in	惹厭	1
jông-tsʽia	尚且	6
jü	誰	172
jü	樹	47
jü	如	6
jü	聚	4
jü-de	聚隊	2
jü-dzing	樹城	1
jü-go	誰個	13
jü-go	樹個	8
jü-hyiang	乳香	2
jü-jih-long	聚集攏	6
jü-jü	聚聚	1
jü-ko	如果	6
jü-kyin	敘劍	1
jü-kyin-go	敘劍個	1
jü-kying	如今	10
jü-kyüô	敘加	1
jü-kyʽi-læ	樹起來	1
jü-lah	誰拉	4
jü-lah-kwu	敘拉古	1
jü-li	樹裏	3
jü-li-fi-nyi-kyi	敘利腓尼基	1
jü-li-üô	敘利亞	9
jü-long	聚攏	32
jü-long-go	聚攏個	3
jü-long-kæn	聚攏間	6
jü-long-kæn-go	聚攏間個	3
jü-long-læ	聚攏來	13
jü-long-tong	聚攏東	6
jü-long-tong-go	聚攏東個	3
jü-moh	樹木	7
jü-noh	誰儂	1
jü-noh-go	誰儂個	3
jü-tæn-long	聚帶攏	1
jü-we-dông	聚會堂	30
jü-we-dông-go	聚會堂個	1
jü-we-dông-li	聚會堂裏	36
jü-we-dông-li-go	聚會堂裏個	2
jü-zông	樹上	5
jü-ʽô	樹下	2
jün	船	79
jün	善	10
jün-cü	船主	1
jün-deo	船頭	1
jün-deo-go	船頭個	1
jün-go	船個	1
jün-li	船裏	16
jün-li-go	船裏個	4
jün-lu	船路	2
jün-nying	善人	2
jün-r	然而	19
jün-ti	船底	1
jün-z	善事	7
jün-ü	擅於	4
jün-ʽao	船號	1
ka	介	851
ka	解	28
ka	街	1
ka-cʽih	介出	1
ka-cʽih	解出	1
ka-dao	街道	4
ka-diao	戒掉	1
ka-diao	解掉	1
ka-go	介個	40
ka-ka-long-long	街街弄弄	1
ka-kyʽi	解去	2
ka-kʽæ-ts	解開仔	1
ka-ni	介呢	186
ka-shih	解說	20
ka-siang-mao	介相貌	1
ka-sing	介星	2
ka-sæn	解散	1
ka-ts	解仔	3
ka-ts	戒指	2
ka-tsʽæ-ts	芥菜子	6
ka-zông-kyʽi-go	解上去個	1
ka-zông-læ-go	解上來個	1
kah-bu-kæn	格步階	1
kah-bu-kæn-li	格步階裏	1
kah-cʽih	溢出	1
kah-cʽih-læ-go	溢出來個	3
kah-diao	革掉	2
kah-dzeh	夾雜	1
kah-ho	隔火	1
kah-kʽæ	隔開	5
kah-kʽæ-go	隔開個	1
kah-nga	格外	32
kah-nga-go	格外個	2
kang	耕	2
kang-cong	耕種	1
kang-cong-go	耕種個	1
kao	告	50
kao	教	41
kao	高	25
kao	酵	2
kao-cʽih	交出	2
kao-de	告了	1
kao-deo	高頭	1
kao-diao	教條	2
kao-do-go	高大個	1
kao-dziang-li	校場裏	1
kao-dzih	交集	1
kao-dæ	交代	42
kao-fu	交付	31
kao-fông	教方	1
kao-go	教個	3
kao-go	高個	1
kao-hyiang	告向	9
kao-hying	高興	17
kao-hying-kyʽi-læ	高興起來	1
kao-hyüing	教訓	69
kao-hyüing-go	教訓個	5
kao-jü	高如	1
kao-ka	交界	1
kao-kao	高高	4
kao-kao	教教	1
kao-kao-hying-hying	高高興興	3
kao-leo	高樓	5
kao-nyin	膠粘	2
kao-shü	酵水	13
kao-su	告訴	14
kao-tsin	交戰	14
kao-ziao	攪擾	1
kao-zông-go	告狀個	1
ke	居	2
ke-yün-go	居園個	4
keh	箇	866
keh	割	2
keh-cong-ka	箇種介	23
keh-cong-ka-go	箇種介個	1
keh-cü	箇株	7
keh-cü-ka	箇株介	44
keh-da	箇埭	10
keh-dao	箇道	2
keh-dao	割稻	1
keh-dao-go	割稻個	1
keh-de	箇隊	6
keh-deo	箇頭	158
keh-deo-go	箇頭個	1
keh-diao	箇條	6
keh-diao	割掉	1
keh-do-dziao	箇大潮	28
keh-dziao	箇潮	39
keh-dzing	箇乘	1
keh-dzoh	箇族	3
keh-dæ	箇代	10
keh-dæ-go	箇代個	1
keh-fong	箇封	10
keh-fæn	箇番	6
keh-go	箇個	819
keh-gyin	箇件	3
keh-hyiang	箇向	4
keh-keh-sô	革革沙	1
keh-keng	箇根	3
keh-kwang	箇梗	2
keh-kwʽe	箇塊	27
keh-kyü	箇句	40
keh-kyün	箇卷	6
keh-kyʽi	箇起	18
keh-kyʽi	箇去	1
keh-kyʽiu	箇丘	2
keh-kæn	箇間	4
keh-kô	箇家	13
keh-kô-go	箇家個	2
keh-kʽeo	箇口	2
keh-kʽwe	箇塊	1
keh-lah	箇拉	150
keh-lao-ti	革老底	1
keh-lao-tia	革老爹	1
keh-lao-tiu	革老丟	2
keh-lao-tiu-go	革老丟個	1
keh-le	箇類	1
keh-leh-z	革勒士	1
keh-li-min	革利免	1
keh-li-ti	革哩底	6
keh-li-ti-go	革哩底個	1
keh-li-z-pu	革利士布	1
keh-li-z-pu	革哩士布	1
keh-lih	箇粒	4
keh-liu-pô	革流巴	1
keh-lo-pô-go	革羅巴個	1
keh-lu	箇路	2
keh-læ	革來	1
keh-me	箇枚	1
keh-meh	箇末	3
keh-mông	箇網	1
keh-ngen	箇岸	3
keh-nyi-sah-leh	革尼撒勒	3
keh-nyi-tʽu-go	革尼土個	1
keh-nyih	箇日	2
keh-peng	箇本	11
keh-pin	箇邊	13
keh-pæn	箇班	30
keh-pʽa	箇派	2
keh-pʽa-go	箇派個	1
keh-pʽih	箇匹	1
keh-pʽin	箇篇	5
keh-shông	箇雙	1
keh-sing	箇星	1044
keh-sing-ka	箇星介	2
keh-tang	箇打	2
keh-ten	箇𡍲	1
keh-ting	箇頂	1
keh-tsah	箇隻	8
keh-tsao	箇遭	159
keh-tsiang	箇張	1
keh-tsih	箇節	5
keh-tsing	箇進	5
keh-tsʽih-go	箇七個	1
keh-tông	箇黨	7
keh-tʽah	箇𡍲	11
keh-vah	箇伐	1
keh-veng	箇份	11
keh-we	箇位	149
keh-yiang	箇樣	6
keh-ying-go	箇營個	1
keh-yüih	箇穴	1
keh-z	箇是	5
keh-zih-din	吃舌頭	1
keh-zo	箇座	14
keh-zông	箇晌	2
ken	趕	24
ken	敢	16
ken	乾	1
ken	鋸	1
ken-cʽih	趕出	44
ken-cʽih-de	趕出了	3
ken-cʽih-ko	趕出過	1
ken-cʽih-tong	趕出東	1
ken-cʽih-ts	趕出仔	1
ken-da-kyi	干大基	1
ken-den	衦頭	5
ken-djôh	趕着	2
ken-djôh-de	趕着了	2
ken-dong	感動	27
ken-dong-go	感動個	2
ken-eng-go	感恩個	2
ken-hwô	感化	4
ken-ko	干戈	1
ken-kwʽu	乾枯	2
ken-kying	趕緊	3
ken-leh	趕勒	1
ken-leh-ʽæ	趕勒害	1
ken-læn	橄欖	19
ken-nyiæn	感念	1
ken-sing	甘心	4
ken-sæn	趕散	1
ken-tao	趕到	2
ken-tông	敢當	2
ken-zia	感謝	14
ken-zia-go	感謝個	2
ken-zing	乾淨	33
ken-zing-de	乾淨了	8
ken-zing-go	乾淨個	2
keng	跟	35
keng	更	13
keng	根	1
keng-cü	根株	5
keng-deo	根頭	16
keng-djôh	跟着	29
keng-dzong	跟從	1
keng-keng	根根	2
keng-kyi	根基	3
keng-kyi-go	根基個	1
keng-kæ	更改	6
keng-kæ-feh-læ	更改弗來	1
keng-kæ-feh-læ-go	更改弗來個	1
keng-kæn	跟間	2
keng-kæn-go	跟間個	2
keng-kô	更加	35
keng-leh	跟勒	49
keng-leh-kyʽi	跟勒去	4
keng-leh-læ-go	跟勒來個	2
keng-mah	根脈	1
keng-nyün	根源	1
keng-peng	根本	1
keng-sang-tʽu-yiang	根生土養	1
keng-tih	跟的	3
keo	夠	2
keo-de	夠了	10
ko	過	36
ko	歌	1
ko-de	過了	28
ko-deo	過頭	2
ko-hao-ts	裹好仔	4
ko-jü	過如	19
ko-jün	果然	25
ko-ko	個個	1
ko-kyʽi	過去	17
ko-kyʽi-de	過去了	2
ko-kyʽi-go	過去個	2
ko-kyʽi-tin	過去點	2
ko-kyʽin	過愆	5
ko-kyʽin-go	過愆個	1
ko-lah-go	哥拉個	1
ko-lah-sing	哥拉汛	1
ko-leh	過了	35
ko-leh	過勒	1
ko-liao	過了	1
ko-ling-to	哥林多	8
ko-lo-si	歌羅西	1
ko-lu	過路	1
ko-lu-go	過路個	1
ko-læ	過來	1
ko-læ-go	過來個	1
ko-nyi-liu	哥尼流	11
ko-shih	過失	8
ko-sông	哥桑	2
ko-tang-ko	個打個	9
ko-tih	裹的	1
ko-tin	過點	1
ko-ts	果子	66
ko-tsih	過節	1
ko-tsʽông	歌唱	8
ko-tæn-long	裹帶攏	1
ko-tön	過短	1
ko-veng-de	過分了	1
ko-væn	過犯	12
ko-væn-go	過犯個	1
ko-z	哥士	1
ko-zia	過謝	1
ko-ü	過於	11
koh	國	70
koh	穀	5
koh-go	國個	5
koh-kô	國家	22
koh-kô-go	國家個	5
koh-li	國裏	2
koh-pæn	各般	1
koh-tang-koh	國打國	1
koh-tang-koh-go	國打國個	1
koh-tsʽông	穀倉	2
koh-tsʽông-li	穀倉裏	2
koh-veng	國份	11
koh-veng-go	國份個	3
koh-wông	國王	13
koh-wông-go	國王個	2
koh-ʽao	國號	3
kong	弓	1
kong-bing	公平	2
kong-bing-go	公平個	2
kong-dao	公道	6
kong-dao-go	公道個	1
kong-din	工鈿	13
kong-dông-li	公堂裏	1
kong-fu	工夫	30
kong-fu-go	工夫個	1
kong-gyü	工具	1
kong-hyi	恭喜	4
kong-ing	供應	30
kong-kwu-go	公估個	1
kong-kwun-li	公館裏	3
kong-kyih	攻擊	4
kong-kying	恭敬	3
kong-kyʽi	拱起	1
kong-leh-deo	拱勒頭	2
kong-nying	工人	9
kong-peh	供撥	1
kong-tsin	弓箭	1
kong-vong	供奉	5
kong-vong-go	供奉個	1
kong-we	公會	21
kong-we-li	公會裏	6
kong-yi	公義	83
kong-yi-go	公義個	29
kwa-fong	怪風	1
kwa-kyiah	拐腳	10
kwa-kyiah-go	拐腳個	5
kwah	刮	4
kwah	摑	4
kwah-tʽu	括土	1
kwang-tsʽing-go	梗青個	4
kwe	歸	70
kwe-djong	貴重	15
kwe-djong-go	貴重個	12
kwe-keng	歸根	8
kwe-kyü	規矩	21
kwe-long	歸攏	1
kwe-mo	規模	2
kwe-peh	歸撥	5
kwe-tao	歸到	1
kwe-ts-siu	劊子手	1
kwe-voh	歸服	30
kwe-vu	歸附	1
kwe-wông	鬼王	4
kwe-zin	貴賤	1
kwe-ü	歸於	8
kweh-deo	骨頭	3
kweh-joh	骨肉	3
kweh-si	骨髓	1
kweng-ts	棍子	6
kwu	僱	2
kwu	顧	2
kwu-djôh	顧着	74
kwu-djôh-go	顧着個	5
kwu-i	故意	1
kwu-jih	古實	2
kwu-kwu	估估	1
kwu-li-næ	古利奈	7
kwu-læ-go	僱來個	4
kwu-mi	古米	1
kwu-r	孤兒	1
kwu-sông	孤孀	25
kwu-sông-go	孤孀個	1
kwu-tin	古典	9
kwu-tsiang	臌脹	1
kwu-tsih-peh-tʽong	固執不通	1
kwu-z-tsin	古時節	6
kwun	管	36
kwun	官	29
kwun	灌	1
kwun-ah	管押	4
kwun-ah-kæn	管押間	1
kwun-djü	管住	9
kwun-fu	官府	31
kwun-go	管個	1
kwun-jih	管拾	1
kwun-kæn	管間	2
kwun-kæn-go	管間個	1
kwun-li	管理	2
kwun-meng-go	管門個	4
kwun-min	冠冕	8
kwun-s	官司	9
kwun-siu	管守	11
kwun-siu-go	管守個	1
kwun-tsiang	官長	7
kwun-tsiang	管賬	4
kwun-tsiang-go	官長個	1
kwun-tʽing	官廳	1
kwun-tʽing-li	官廳裏	2
kwun-yün-go	管園個	1
kwæ-kyʽiao	乖巧	1
kwæn	關	8
kwæn	慣	1
kwæn-de	關了	2
kwæn-djôh	關着	10
kwæn-hao	關好	1
kwæn-kæn	關間	1
kwæn-liao-go	關了個	2
kwæn-ngæ	關礙	4
kwæn-so-kæn	關鎖間	1
kwæn-tong	關東	2
kwæn-ts	關仔	2
kwæn-tsiao	關照	1
kwæn-ü	關於	1
kwô	掛	7
kwô-kæn-go	掛間個	1
kwô-nyiæn	掛念	2
kwô-vu	寡婦	2
kwông	光	3
kwông-kwʽeh	廣闊	2
kwông-kying	光景	4
kwông-liang	光亮	1
kwông-ming	光明	5
kwông-ming-go	光明個	9
kwông-ming-tsing-da	光明正大	2
kwông-tsiao	光照	3
kwông-tsʽæ	光彩	3
kwông-ʽang	廣行	6
kwʽa	快	46
kwʽa-iao	快要	1
kwʽa-jü	快如	1
kwʽa-kwʽa	快快	19
kwʽa-kwʽa-weh-weh	快快活活	1
kwʽa-loh	快樂	2
kwʽa-lôh	快樂	29
kwʽa-lôh	快落	1
kwʽa-lôh-go	快樂個	3
kwʽa-sang-go	快生個	1
kwʽa-si	快死	2
kwʽa-si-go	快死個	1
kwʽa-tao-go	快到個	1
kwʽa-tin	快點	1
kwʽa-weh	快活	9
kwʽa-weh-go	快活個	1
kwʽa-weh-kyi	快活記	3
kwʽe-dæ	虧待	3
kwʽe-kah	盔甲	6
kwʽeh	闊	3
kwʽeh-kwʽeh-go	闊闊個	1
kwʽeh-tsʽiah	闊綽	1
kwʽeng	睏	5
kwʽeng-go	睏個	3
kwʽeng-joh	睏熟	11
kwʽeng-joh-de	睏熟了	7
kwʽeng-joh-go	睏熟個	9
kwʽeng-joh-kæn	睏熟間	1
kwʽeng-joh-tih	睏熟的	10
kwʽeng-joh-tong	睏熟東	2
kwʽeng-kwʽu	困苦	13
kwʽeng-kæn	睏間	8
kwʽeng-kæn-go	睏間個	1
kwʽeng-leh	捆勒	1
kwʽeng-leh	睏勒	1
kwʽeng-tao	睏到	1
kwʽeng-tih	睏的	2
kwʽeng-tih-go	睏的個	1
kwʽeng-ts	睏仔	2
kwʽu	苦	10
kwʽu-de	枯了	3
kwʽu-deo	苦頭	16
kwʽu-feh-ko	苦弗過	3
kwʽu-go	苦個	1
kwʽu-leh	枯勒	1
kwʽu-leo	骷髏	1
kwʽu-lu-deo	骷顱頭	3
kwʽu-lôh	枯落	1
kwʽu-lôh-de	枯落了	2
kwʽu-næn	苦難	27
kwʽu-sah	苦撒	1
kwʽu-sah-go	苦撒個	1
kwʽu-sao-de	枯燥了	2
kwʽu-sao-go	枯燥個	1
kwʽu-tsʽu	苦楚	1
kwʽu-tæn	苦膽	2
kwʽu-tʽao-kyʽün	箍套圈	2
kwʽu-vông	庫房	1
kwʽun-do	寬大	1
kwʽun-dæ	寬待	2
kwʽun-iah	寬約	1
kwʽun-shih	款式	1
kwʽun-shü	寬恕	22
kwʽun-sing	寬心	1
kwʽun-tsʽiah-go	寬綽個	1
kwʽun-yüong	寬容	2
kwʽun-ʽong	寬宏	2
kwʽun-ʽong-du-liang	寬宏肚量	2
kwʽun-ʽæn	寬限	2
kwʽô	誇	5
kwʽô-kʽeo	誇口	43
kwʽô-kʽeo-go	誇口個	7
kwʽông-iæ	曠野	48
kwʽông-iæ-li	曠野裏	1
kyi	幾	18
kyi	雞	13
kyi	記	2
kyi	繫	1
kyi-ah-go	基阿個	1
kyi-diao	幾條	1
kyi-fah	磯法	7
kyi-feh-kyʽi	記弗起	1
kyi-feng	幾分	6
kyi-feng-go	幾分個	1
kyi-go	幾個	68
kyi-go	繫個	1
kyi-hao-tong	繫好東	1
kyi-hwông	饑荒	2
kyi-jün	既然	122
kyi-kao	計較	3
kyi-keng	幾根	1
kyi-kwang	幾梗	3
kyi-kying	既經	16
kyi-kyü	幾句	1
kyi-leh	繫勒	4
kyi-leh	記勒	2
kyi-li-kyüô	基利家	6
kyi-li-kyüô-go	基利家個	2
kyi-lu-ping	基路冰	1
kyi-meo	計謀	3
kyi-nyiang	雞娘	2
kyi-nying	記認	3
kyi-nyiæn	記念	16
kyi-pin-pah-cʽih	機變百出	1
kyi-sing	肌身	104
kyi-sing-go	肌身個	7
kyi-sing-zông	肌身上	1
kyi-su	記數	1
kyi-teh	記得	30
kyi-teh-go	記得個	1
kyi-teh-kyi	記得記	1
kyi-teh-kæn-de	記得間了	2
kyi-teh-tao	記得到	7
kyi-toh	基督	435
kyi-toh-du	基督徒	2
kyi-toh-go	基督個	159
kyi-ts	繫仔	2
kyi-tsah	幾隻	1
kyi-væn	幾萬	1
kyi-we	機會	13
kyi-we-go	機會個	1
kyi-yiang	幾樣	2
kyi-z	幾時	23
kyi-z-de	幾時了	1
kyi-z-go	基士個	1
kyi-ʽao	記號	2
kyiah	腳	51
kyiah-bu	腳步	2
kyiah-di	腳蹄	1
kyiah-dong-li	腳桶裏	1
kyiah-keng	腳跟	3
kyiah-kweh	腳骨	4
kyiah-kʽo-deo	腳䯊頭	6
kyiah-li	腳裏	3
kyiah-li-go	腳裏個	5
kyiah-ti	腳底	1
kyiah-ti-ʽô-go	腳底下個	1
kyiah-tsang	腳㬹	1
kyiah-yin	腳沿	1
kyiah-ʽeo-keng	腳後跟	1
kyiah-ʽô	腳下	27
kyiang-long-kyʽi	僵攏起	1
kyiao	教	22
kyiao	繳	2
kyiao	叫	1
kyiao	澆	1
kyiao-go	澆個	3
kyiao-go	教個	2
kyiao-leh	叫勒	127
kyiao-meng	教門	2
kyiao-meng-go	教門個	1
kyiao-nga-go	教外個	1
kyiao-nga-nying	教外人	2
kyiao-ngao	驕傲	7
kyiao-ngao-go	驕傲個	1
kyiao-ngao-sing	驕傲心	3
kyiao-ngao-wu-du-go	驕傲糊塗個	1
kyiao-s	教師	4
kyiao-sing-ta	繳身帶	9
kyiao-tih-go	繳的個	1
kyiao-tsin	交戰	1
kyiao-we	教會	84
kyiao-we-go	教會個	16
kyiao-we-li	教會裏	13
kyiao-we-li-go	教會裏個	3
kyiao-yiu	教友	5
kyiao-yüong	教用	1
kyih	結	39
kyih	激	6
kyih	急	1
kyih-bah-go	潔白個	1
kyih-be	結佩	1
kyih-dong	激動	6
kyih-fah	急法	1
kyih-go	結個	1
kyih-gyüoh	結局	2
kyih-jih	結實	2
kyih-jih-ts	結實仔	1
kyih-kyiao	結交	5
kyih-kyʽi	激起	4
kyih-kyʽi-læ	激起來	1
kyih-kʽæ	揭開	2
kyih-leh	結了	1
kyih-leh	結勒	1
kyih-leng	汲淪	1
kyih-long	結攏	2
kyih-long-liao-go	結攏了個	1
kyih-mih	今末	35
kyih-mih-go	今末個	1
kyih-mih-ts	今末仔	4
kyih-mih-ts	今末子	1
kyih-sah	結煞	23
kyih-sah-go	結煞個	10
kyih-sæn-go	擊散個	1
kyih-sön	結算	1
kyih-tih	結的	1
kyih-tông	結黨	3
kyih-zing	潔淨	29
kyih-zing-go	潔淨個	11
kyih-zing-ts	潔淨仔	1
kyih-ün	結怨	1
kyin	見	43
kyin	建	1
kyin-deo	見頭	2
kyin-kah-deo	肩胛頭	3
kyin-keh-li	堅革哩	2
kyin-kwu	堅固	35
kyin-kwu-de	堅固了	1
kyin-kwu-go	堅固個	5
kyin-kyin	見見	1
kyin-kyüih-go	堅決個	1
kyin-kæn-go	建間個	1
kyin-leh	見了	1
kyin-lih	建立	1
kyin-nyi	見疑	1
kyin-sih	見識	8
kyin-sing	堅心	3
kyin-teh	見得	1
kyin-toh	監督	5
kyin-tsing	見證	9
kyin-zao	建造	1
kying	金	8
kying-ah-kæn	禁壓間	1
kying-bing	金瓶	1
kying-bông	謹防	3
kying-cü	金珠	1
kying-djong	敬重	30
kying-djü	禁住	9
kying-dzing	京城	2
kying-dæn-go	金壇個	1
kying-feh-djü	禁弗住	2
kying-ho	金貨	1
kying-hoh	驚𢞕	1
kying-hyiæ	驚駭	8
kying-jing	謹慎	11
kying-ko	經過	7
kying-ko-go	經過個	1
kying-ko-leh	經過了	2
kying-kwông	鏡光	1
kying-kyih	緊急	3
kying-kying	緊緊	1
kying-kyiæ	警戒	10
kying-kyün-li	經卷裏	1
kying-loh	經絡	2
kying-lu	經爐	1
kying-lôh	經絡	1
kying-nyin	今年	1
kying-si	今世	5
kying-si-go	今世個	8
kying-sing	警醒	26
kying-siu	經手	4
kying-siu-go	經手個	1
kying-ts	金子	19
kying-ts	鏡子	2
kying-ts-go	金子個	6
kying-ts-li	鏡子裏	1
kying-z-ka	竟是介	3
kying-zih	禁食	21
kying-zih-go	禁食個	3
kying-zih-gyi	禁食其	3
kyiu	救	115
kyiu	九	7
kyiu-cü	救主	23
kyiu-cü-go	救主個	1
kyiu-cʽih	救出	1
kyiu-cʽih-go	救出個	1
kyiu-fah	救法	2
kyiu-feh-læ	救弗來	2
kyiu-go	救個	5
kyiu-go-den	九個頭	1
kyiu-jih	九十	4
kyiu-ko-de	救過了	3
kyiu-kying	究竟	1
kyiu-shü-go	救世個	1
kyiu-sing	救星	19
kyiu-zông	救上	3
kyiæ	誡	1
kyü	鬼	99
kyü	歸	32
kyü	舉	6
kyü	貴	2
kyü	據	1
kyü-de	歸了	1
kyü-go	鬼個	3
kyü-go	貴個	1
kyü-kyü	貴貴	1
kyü-kyʽi	歸去	17
kyü-kyʽi-de	歸去了	1
kyü-li-nyiu	居里扭	1
kyü-læ	歸來	17
kyü-pi-lu	居比路	8
kyü-tang-kyü	句打句	7
kyü-tsin	舉薦	7
kyü-tsin-go	舉薦個	2
kyü-zông	舉上	14
kyü-zông-kyʽi	舉上去	1
kyüih	決	1
kyüih-i	決意	4
kyüih-kyüih	噘噘	1
kyüih-tön	決斷	1
kyüing-kyʽi	軍器	4
kyüing-wông	君王	20
kyüing-wông-go	君王個	3
kyüing-yüing	均勻	2
kyün	捐	1
kyün-long	捐攏	1
kyün-long	捲攏	1
kyün-ʽông	捐項	7
kyün-ʽông-go	捐項個	1
kyüô-ao	佳澳	1
kyüô-da-lah	加大拉	3
kyüô-jü	假如	5
kyüô-lah-tʽa	加拉太	5
kyüô-lah-tʽa-go	加拉太個	2
kyüô-leh-ti	迦勒底	1
kyüô-li-li	加利利	67
kyüô-li-li-go	加利利個	7
kyüô-liah	加略	5
kyüô-liah-go	加略個	6
kyüô-liu	迦流	3
kyüô-mô-lih	迦瑪列	1
kyüô-mô-lih-go	迦瑪列個	1
kyüô-nen	迦南	2
kyüô-nen-go	迦南個	2
kyüô-nô	迦拿	3
kyüô-nô-go	迦拿個	2
kyüô-pah-lih	加百列	2
kyüô-pah-nong	迦百農	16
kyüô-pah-to-kyüô	迦百多家	1
kyüô-pu	加布	1
kyüô-pʽô-to-kyüô	加帕多家	1
kyüô-sah	迦薩	1
kyüô-teh	迦得	1
kyüô-yiu	迦猶	5
kyʽi	去	977
kyʽi	豈	63
kyʽi	起	17
kyʽi	氣	11
kyʽi-de	去了	80
kyʽi-deo	起頭	52
kyʽi-deo-go	起頭個	2
kyʽi-diao	棄掉	92
kyʽi-diao-de	棄掉了	1
kyʽi-diao-go	棄掉個	3
kyʽi-diao-ts	棄掉仔	3
kyʽi-dæ	欺待	1
kyʽi-feh-ko	氣弗過	3
kyʽi-go	去個	28
kyʽi-go	起個	1
kyʽi-gyiu-wun-sing-go	棄舊換新個	1
kyʽi-hao	起好	3
kyʽi-hwu-hwu	氣呼呼	1
kyʽi-ko-de	去過了	1
kyʽi-kyʽiao-go	蹊蹺個	1
kyʽi-kʽang	溪坑	1
kyʽi-kʽo	起課	1
kyʽi-læ	起來	3
kyʽi-mi	氣味	1
kyʽi-ming	器皿	12
kyʽi-mo	企慕	18
kyʽi-mo	去慕	1
kyʽi-mo-go	企慕個	2
kyʽi-nao	氣惱	2
kyʽi-oh-go	起屋個	5
kyʽi-pʽin	欺騙	1
kyʽi-pʽin-feh-læ-go	欺騙弗來個	1
kyʽi-pʽin-go	欺騙個	1
kyʽi-sih	去惜	1
kyʽi-sing	氣性	1
kyʽi-ts	去仔	1
kyʽi-tsao	起早	1
kyʽi-tsʽu	起初	10
kyʽi-vu	欺侮	1
kyʽi-zao	去造	7
kyʽi-zao	起造	2
kyʽi-zao-zông-kyʽi	去造上去	1
kyʽi-zia-kwe-tsing	棄邪歸正	1
kyʽi-zông-kyʽi	起上去	1
kyʽi-zông-kyʽi-go	起上去個	2
kyʽiah-leh	卻勒	9
kyʽiang	腔	1
kyʽiao	巧	2
kyʽiao-leh	巧勒	4
kyʽih	挈	7
kyʽih-cün	挈轉	1
kyʽih-hoh	喫𢞕	31
kyʽih-hoh-de	喫𢞕了	4
kyʽih-hoh-go	喫𢞕個	1
kyʽih-hyin	喫險	1
kyʽih-ih-kying	喫一驚	3
kyʽih-kyʽih-kʽah-kʽah	乞乞喀喀	3
kyʽih-lih	喫力	1
kyʽih-lih-de	喫力了	1
kyʽih-lôh	挈落	12
kyʽih-tih	挈的	2
kyʽin	欠	21
kyʽin	牽	1
kyʽin-cʽih	牽出	1
kyʽin-cʽih-læ	牽出來	1
kyʽin-de	欠了	1
kyʽin-hyü	謙虛	4
kyʽin-hyü-go	謙虛個	4
kyʽin-kong-go	謙恭個	1
kyʽin-kyʽi	牽去	1
kyʽin-kyʽüih	欠缺	1
kyʽin-leh	牽勒	4
kyʽin-leh-læ	牽勒來	2
kyʽin-læ	牽來	1
kyʽin-mo-go	牽磨個	1
kyʽin-siao	欠少	2
kyʽing	輕	4
kyʽing	撳	1
kyʽing-cü-boh-zih	輕嘴薄舌	2
kyʽing-go	輕個	1
kyʽing-kyü	輕舉	1
kyʽing-kʽen	輕看	2
kyʽing-kʽo	輕可	9
kyʽing-kʽo-go	輕可個	1
kyʽing-mæn	輕慢	1
kyʽing-mæn-go	輕慢個	3
kyʽing-tin	輕點	1
kyʽing-tsʽa	欽差	2
kyʽing-yi	輕易	4
kyʽü-djoh	驅逐	1
kyʽü-leh	虧了	4
kyʽü-leh	虧勒	2
kyʽü-shü	去世	4
kyʽü-shü-go	去世個	2
kyʽüih	缺	21
kyʽüih-kyʽin	缺欠	1
kyʽüih-li-li	缺利利	2
kyʽüih-siao	缺少	15
kyʽüih-siao-dziang-tön	缺少長短	6
kyʽüih-siao-go	缺少個	3
kyʽüih-veng	缺分	3
kyʽüih-veng	闕份	1
kyʽüih-ʽæ	屈害	1
kyʽün	勸	56
kyʽün-hwô	勸化	13
kyʽün-hwô-go	勸化個	1
kyʽün-ko	勸過	1
kyʽün-kyʽün	勸勸	20
kyʽün-min-go	勸勉個	1
kyʽün-sih	勸息	1
kyʽün-sih	勸釋	1
kyʽün-sing	勸醒	3
kyʽün-sing	勸心	1
kyʽün-sing-de	勸醒了	1
kyʽün-tʽao	圈套	6
kyʽüoh	喫	209
kyʽüoh-de	喫了	5
kyʽüoh-diao	喫掉	1
kyʽüoh-diao-de	喫掉了	2
kyʽüoh-djôh	喫着	1
kyʽüoh-dzing-go	喫剩個	7
kyʽüoh-feh-djü	喫弗住	1
kyʽüoh-feh-læ-de	喫弗來了	1
kyʽüoh-feh-lôh-go	喫弗落個	1
kyʽüoh-go	喫個	35
kyʽüoh-hao	喫好	3
kyʽüoh-hao-ts	喫好仔	1
kyʽüoh-jih-go	確實個	2
kyʽüoh-ko	喫過	9
kyʽüoh-ko-de	喫過了	1
kyʽüoh-kwʽe	喫虧	2
kyʽüoh-kwʽu	喫苦	10
kyʽüoh-kwʽu-de	喫苦了	1
kyʽüoh-kwʽu-go	喫苦個	4
kyʽüoh-kyʽüoh	喫喫	12
kyʽüoh-kyʽüoh-jih-jih	確確實實	2
kyʽüoh-leh	喫勒	3
kyʽüoh-mah	喫沒	1
kyʽüoh-mah-de	喫沒了	1
kyʽüoh-meh	喫沒	1
kyʽüoh-meh-de	喫沒了	2
kyʽüoh-na-go	喫奶個	4
kyʽüoh-pao	喫飽	9
kyʽüoh-pao-de	喫飽了	8
kyʽüoh-sang	畜生	1
kyʽüoh-tin	喫點	2
kyʽüoh-ts	喫仔	2
kyʽüoh-ts	曲子	2
kyʽüoh-tse	喫醉	2
kyʽüoh-tse-go	喫醉個	3
kyʽüoh-tse-tih-de	喫醉的了	1
kyʽüoh-tsiu	喫酒	2
kyʽüoh-tsiu-tse	喫酒醉	3
kyʽüoh-tsiu-tse-go	喫酒醉個	1
kyʽüoh-tsoh-kwʽa	喫足快	1
kyʽüoh-væn	喫飯	16
kyʽüoh-yüong	喫用	2
kyʽüoh-zih	喫食	38
kyʽüoh-zin-liang	喫錢糧	1
kyʽüong-tsʽông	穹蒼	1
kyʽüôh-jih	確實	3
kyʽüôh-jih-go	確實個	4
kyʽüôh-kyʽüôh-jih-jih	確確實實	2
kæ	該	290
kæ-diao	改掉	1
kæ-djü	蓋住	5
kæ-djü-de	蓋住了	1
kæ-ing	該隱	3
kæ-ko	改過	1
kæ-kwun	該管	11
kæ-kæn	蓋間	1
kæ-lôh-læ	蓋落來	1
kæ-nen	該南	4
kæ-sah	該撒	20
kæ-sah-go	該撒個	10
kæ-sah-li-üô	該撒利亞	16
kæ-sah-li-üô-go	該撒利亞個	1
kæ-sah-ts	蓋煞仔	1
kæ-yiang	改樣	2
kæ-yüong	該用	1
kæ-ziang	該像	1
kæ-ôh	改惡	1
kæ-üô-fah	該亞法	5
kæ-üô-fah-go	該亞法個	4
kæn	間	12
kæn	揀	3
kæn	減	1
kæn-de	間了	1
kæn-djôh	揀着	5
kæn-djôh-de	揀着了	1
kæn-djôh-go	揀着個	2
kæn-dzeh	揀擇	2
kæn-dzeh-go	揀擇個	1
kæn-fu	姦夫	1
kæn-kyi	奸計	3
kæn-kyi-go	奸計個	2
kæn-li	監裏	4
kæn-lôh	減落	1
kæn-shün	揀選	19
kæn-shün-cʽih-læ	揀選出來	1
kæn-shün-cʽih-læ-go	揀選出來個	1
kæn-shün-go	揀選個	5
kæn-tiao-go	奸刁個	1
kæn-tsing	揀進	1
kæn-tsô	奸詐	8
kæn-tsô-go	奸詐個	4
kæn-vu	姦婦	3
kæn-ying	姦淫	52
kæn-ying-go	姦淫個	5
kæn-ôh	奸惡	1
kô	假	28
kô	加	16
kô	嫁	8
kô	家	1
kô-be	加倍	7
kô-cü	家主	9
kô-cʽih	嫁出	9
kô-cʽih-go	嫁出個	1
kô-cʽong	假充	1
kô-dao-nying	假道人	1
kô-din	價鈿	10
kô-feh-kyʽi	加弗起	2
kô-go	假個	8
kô-hao	假好	3
kô-hao-nying	假好人	21
kô-hyi-deo	假戲頭	4
kô-i	假意	2
kô-kyi	家計	34
kô-leh	加勒	1
kô-nying	家人	1
kô-pu	家譜	2
kô-sang	家生	2
kô-sing	假心	1
kô-ts	架子	1
kô-tsʽeo	加湊	28
kô-tsʽeo-go	加湊個	1
kô-z	家事	1
kô-zông	加上	11
kô-zông-go	加上個	1
kô-zông-kyʽi	加上去	1
kôh	各	30
kôh	角	11
kôh	谷	1
kôh-cʽü	各處	7
kôh-djôh	覺着	2
kôh-kyiah-teng-ʽô	擱腳凳下	1
kôh-kô	國家	1
kôh-kôh-tʽa	各各他	3
kôh-lu-go	各路個	1
kôh-lôh-den	角落頭	7
kôh-nying	各人	66
kôh-nying-go	各人個	12
kôh-tao-cʽü	各到處	10
kôh-tao-kôh-cʽü	各到各處	1
kôh-yiang	各樣	12
kôh-yiang-go	各樣個	4
kôh-yiang-jü	各樣如	2
kông	講	416
kông	降	6
kông	扛	1
kông-cʽih	講出	5
kông-cʽih-læ	講出來	5
kông-cʽih-læ-go	講出來個	2
kông-djôh	講着	2
kông-fah	講法	2
kông-feh-cʽih	講弗出	1
kông-feh-cʽih-go	講弗出個	1
kông-feh-dzing-go	講弗盡個	1
kông-go	講個	113
kông-gyiang	剛強	5
kông-gyiang-go	剛強個	1
kông-gyiang-tæn-kyʽi	剛強膽氣	2
kông-hao	講好	28
kông-hao-ts	講好仔	3
kông-ko	講過	6
kông-ko-de	講過了	4
kông-ko-go	講過個	5
kông-ko-liao	講過了	7
kông-ko-liao-go	講過了個	1
kông-ko-liao-shih-wô	講過了說話	1
kông-kying	講經	1
kông-kyiu	講究	1
kông-kyʽi	講起	6
kông-kyʽi-læ	講起來	1
kông-kô-wô	講假話	1
kông-kông	講講	9
kông-kông	剛剛	6
kông-kʽæ	講開	3
kông-leh	講勒	7
kông-læ	講來	1
kông-læ-kông-kyʽi	講來講去	7
kông-lôh	降落	18
kông-lôh-kyʽi	降落去	1
kông-lôh-læ	降落來	17
kông-lôh-læ-go	降落來個	6
kông-shü	江水	2
kông-tao	講到	74
kông-tsʽo-de	講錯了	1
kông-wun	講完	1
kông-ʽo	江河	2
kông-ʽo	講和	1
kông-ʽo-go	江河個	1
kʽa	揩	1
kʽa-diao	揩掉	1
kʽa-kʽa	揩揩	4
kʽa-sao	揩燥	1
kʽah	客	2
kʽah	掐	1
kʽah-shông	客商	5
kʽah-vông	客房	2
kʽang	揞	12
kʽang	坑	1
kʽang-go	揞個	1
kʽang-kyʽi	揞起	1
kʽang-leh	揞勒	1
kʽang-li	坑裏	3
kʽang-li-go	坑裏個	1
kʽang-sah	揞煞	8
kʽang-sah-go	揞煞個	1
kʽang-sông	揞傷	1
kʽang-ts-li	坑子裏	2
kʽao	靠	6
kʽao	敲	4
kʽao-djôh	靠着	163
kʽao-dön	敲斷	4
kʽao-jih	靠實	15
kʽao-jih-de	靠實了	2
kʽao-jih-go	靠實個	1
kʽao-jih-ko-go	靠實過個	1
kʽao-kyiu	考究	9
kʽao-kʽao	敲敲	5
kʽao-kʽæ-leh	敲開了	1
kʽao-leh	靠勒	2
kʽao-pah-kying	靠百斤	1
kʽao-pah-shü	靠百歲	1
kʽao-se	敲碎	1
kʽao-tang	拷打	2
kʽao-tang	敲打	1
kʽao-tʽôh	靠託	2
kʽeh	刻	1
kʽeh-boh	刻薄	1
kʽeh-boh-go	刻薄個	1
kʽeh-cʽong	瞌𥅻	3
kʽeh-doh	刻毒	1
kʽeh-si-mô-nyi	客西馬尼	2
kʽeh-siang	渴想	3
kʽeh-tao	磕倒	2
kʽeh-tsʽeng	刻忖	10
kʽeh-tsʽeng-go	刻忖個	2
kʽen	看	209
kʽen-cʽih	看出	8
kʽen-cʽih-de	看出了	3
kʽen-deo	看頭	1
kʽen-djong	看重	5
kʽen-dæ	看待	4
kʽen-feh-cʽih	看弗出	5
kʽen-feh-cʽih-go	看弗出個	2
kʽen-feh-kyin	看弗見	7
kʽen-feh-kyin-go	看弗見個	5
kʽen-feh-kyʽi	看弗起	2
kʽen-go	看個	2
kʽen-hao	看好	1
kʽen-ko	看過	2
kʽen-ko-go	看過個	1
kʽen-ko-ts	看過仔	3
kʽen-kwu	看顧	11
kʽen-kwu-go	看顧個	1
kʽen-kyin	看見	481
kʽen-kyin-de	看見了	8
kʽen-kyin-go	看見個	40
kʽen-kyin-gyi	看見其	6
kʽen-kyin-ko	看見過	18
kʽen-kyin-ko-de	看見過了	3
kʽen-kyin-ko-go	看見過個	5
kʽen-kyin-ts	看見仔	1
kʽen-kyʽi-læ	看起來	16
kʽen-kyʽing	看輕	12
kʽen-kæn	看間	2
kʽen-kʽen	看看	41
kʽen-kʽen-siang	看看相	2
kʽen-leh	看勒	2
kʽen-leh-cʽih	看勒出	1
kʽen-leh-kyin	看勒見	1
kʽen-leh-kyin-go	看勒見個	4
kʽen-læ	看來	48
kʽen-siang	看相	2
kʽen-siu	看守	1
kʽen-tong	看東	4
kʽen-yiang	看羊	2
kʽen-yiang-go	看羊個	12
kʽeng	肯	71
kʽeng-go	肯個	9
kʽeo	口	50
kʽeo-djün	口傳	2
kʽeo-dzæ	口才	8
kʽeo-ing	口音	17
kʽeo-ing-go	口音個	1
kʽeo-kong	口供	3
kʽeo-kyʽi	口氣	1
kʽeo-kʽeh	口渴	15
kʽeo-kʽeh-go	口渴個	2
kʽeo-kʽeo	扣扣	23
kʽeo-li	口裏	33
kʽeo-li-go	口裏個	5
kʽeo-liang	口糧	13
kʽo	可	3
kʽo	窠	2
kʽo-kyin	可見	3
kʽo-lah-sing	可拉汛	1
kʽo-lin	可憐	11
kʽo-lin-go	可憐個	1
kʽo-pi	可比	18
kʽo-pi-ziang	可比像	15
kʽo-sih	可惜	6
kʽo-u	可惡	4
kʽo-u-go	可惡個	8
kʽo-yi	可以	39
kʽo-yi-go	可以個	2
kʽo-æ-go	可愛個	1
kʽoh	哭	18
kʽoh-de	哭了	1
kʽoh-go	哭個	3
kʽoh-kyʽi-læ	哭起來	1
kʽoh-leh	哭勒	3
kʽong	空	1
kʽong-cong	空中	1
kʽong-deo	空頭	13
kʽong-deo-go	空頭個	3
kʽong-di	空地	3
kʽong-dæn	空談	1
kʽong-go	空個	1
kʽong-li	空裏	1
kʽong-pʽô	恐怕	64
kʽong-siu	空手	4
kʽæ	開	97
kʽæ-bih	開闢	17
kʽæ-bih-go	開闢個	1
kʽæ-bih-yi-læ	開闢以來	1
kʽæ-cʽih-kyʽi	開出去	4
kʽæ-dao	開導	5
kʽæ-de	開了	4
kʽæ-do-leh	開大了	1
kʽæ-dæ	開檯	1
kʽæ-eng-go	開恩個	1
kʽæ-fah-go	開發個	1
kʽæ-kæn	開間	2
kʽæ-kæn-go	開間個	1
kʽæ-kô	開家	1
kʽæ-kông	開講	1
kʽæ-kʽeo	開口	3
kʽæ-kʽæ	開開	14
kʽæ-kʽæ-de	開開了	1
kʽæ-kʽæ-læ	開開來	2
kʽæ-tong	開東	2
kʽæ-ts	開仔	1
kʽæ-tʽin-pʽih-di	開天闢地	1
kʽæ-tʽong	開通	1
kʽæn-deo	檻頭	2
kʽæn-kʽæn-r-dæn	侃侃而談	2
kʽô	抲	55
kʽô-ding	抲定	4
kʽô-djôh	抲着	3
kʽô-djôh-go	抲着個	3
kʽô-kyʽi	抲去	3
kʽô-leh	抲勒	6
kʽô-læ	抲來	2
kʽô-ng-go	抲魚個	3
kʽông	囥	4
kʽông-feh-ko	囥弗過	1
kʽông-gyin	康健	3
kʽông-gyin-go	康健個	2
kʽông-kæn	囥間	2
kʽông-leh	囥勒	3
kʽông-læ	囥來	1
kʽông-nyiæn	糠驗	2
kʽông-tih	囥的	1
kʽông-tih-go	囥的個	8
la	賴	1
lah	拉	4
lah-coh	蠟燭	1
lah-coh-sing	蠟燭芯	1
lah-cün	攔轉	1
lah-keo	拉苟	2
lah-kyih	拉結	1
lah-kyüô	拉加	1
lah-mah	拉麥	2
lah-mô	拉馬	2
lah-mô	拉瑪	1
lah-pi	拉比	1
lah-pi-go	拉比個	1
lah-po-nyi	拉波尼	2
lah-sah-lu	拉撒路	17
lah-si-üô	拉西亞	1
lah-tsing	攔進	3
lah-ʽeh	喇合	3
lang	冷	6
lang-de	冷了	1
lang-ing-kyi	冷陰記	1
lang-shü	冷水	1
lang-siao	冷笑	5
lang-z	良士	6
lao	老	11
lao-bo	老婆	6
lao-bu	勞步	1
lao-da	老大	1
lao-da-go	老大個	1
lao-de	老了	5
lao-dzing	老成	5
lao-dzing-nying	老成人	5
lao-dzô	老蛇	1
lao-go	老個	1
lao-ing	老鷹	3
lao-ing-go	老鷹個	1
lao-jih	老實	5
lao-kwʽu	勞苦	5
lao-kæn	牢監	19
lao-kæn-go	牢監個	2
lao-kæn-li	牢監裏	16
lao-kæn-li-go	牢監裏個	1
lao-kʽao	牢靠	6
lao-kʽwu	勞苦	1
lao-lao	牢牢	1
lao-lao	老老	1
lao-lao-de	老老了	1
lao-lao-kʽao-kʽao	牢牢靠靠	5
lao-lao-loh-loh	勞勞碌碌	5
lao-lao-siao-siao	老老少少	1
lao-li	老例	2
lao-loh	勞碌	21
lao-loh-go	勞碌個	2
lao-loh-ko-de	勞碌過了	1
lao-meng-kʽeo	牢門口	1
lao-nyüing	老𡢿	122
lao-nyüing-go	老𡢿個	7
lao-siao-go	老小個	1
lao-sing-fi-lih	勞心費力	2
lao-sing-fi-lih-go	勞心費力個	1
lao-ti	牢底	1
lao-ti-kyüô	老底嘉	4
lao-ti-kyüô-go	老底嘉個	3
lao-tsao	老早	2
lao-tsiu	老酒	1
lao-tʽa-bo	老太婆	1
lao-ô	老鴉	1
le	雷	5
le-djông	屢常	1
le-go	雷個	2
le-nyin	屢年	1
le-tsʽ	屢次	14
le-tsʽ-go	屢次個	1
leh-pæ	勒拜	1
leh-seh	垃圾	2
leng	論	1
leng-væn	論萬	1
leo-dong	漏洞	1
leo-teng	樓頂	6
li	裏	9
li	禮	8
li	里	4
li	離	3
li	理	2
li-cʽih	濾出	1
li-cʽü	理取	1
li-cʽü	理處	1
li-da	呂大	3
li-deo	裏頭	41
li-deo-go	裏頭個	8
li-diao	離掉	10
li-diao-go	離掉個	3
li-din	利鈿	2
li-dzih	痢疾	1
li-hyiang	裏向	314
li-hyiang-go	裏向個	1
li-kao-nyi	呂高尼	1
li-kao-nyi-go	呂高尼個	1
li-kyi-ong	利基翁	1
li-kyüô-go	呂家個	1
li-kʽæ	離開	104
li-kʽæ-ts	離開仔	1
li-lu	理路	1
li-mah	禮貌	1
li-nga	裏外	2
li-nu	利奴	1
li-pa	禮拜	10
li-pah-di-nô	利百地拿	1
li-pah-kyüô	利百加	2
li-pe-üô	呂彼亞	1
li-sah	利撒	2
li-sah-nyih	呂撒聶	1
li-sao	犁梢	1
li-shü	離書	3
li-si-üô	呂西亞	3
li-sih	利息	2
li-sing	理性	2
li-ti-üô	呂底亞	1
li-ti-üô-go	呂底亞個	1
li-ts	驢子	13
li-tsih	禮節	8
li-veh	禮物	24
li-vi	利未	15
li-vi-go	利未個	1
li-ying-tʽing	理刑廳	2
li-yün	離遠	9
li-yün-go	離遠個	1
li-ʽæ	厲害	16
li-ʽæ-go	厲害個	4
liah-liah	略略	2
liang	兩	41
liang	量	12
liang	亮	10
liang-cü	兩株	1
liang-da	兩埭	1
liang-de	亮了	2
liang-diao	兩條	1
liang-ding	涼亭	1
liang-doh	量度	2
liang-dziao	兩潮	2
liang-go	兩個	90
liang-go	亮個	2
liang-gyin	兩件	2
liang-jün	良善	7
liang-keng	兩根	2
liang-ko	亮過	2
liang-kwang	兩梗	8
liang-kwun	兩管	1
liang-kwông	亮光	62
liang-kwông-go	亮光個	3
liang-kyü	兩句	7
liang-liang	亮亮	2
liang-liang	兩兩	2
liang-liang	量量	1
liang-liang-go	亮亮個	1
liang-nyin	兩年	1
liang-pin	兩邊	2
liang-pô	兩把	1
liang-shü	兩歲	1
liang-sing	良心	33
liang-sing-li	良心裏	1
liang-sing-zông	良心上	2
liang-sæn-go	兩三個	5
liang-sæn-tsiang	兩三張	1
liang-sæn-tæn	兩三擔	1
liang-tsah	兩隻	12
liang-tsao	兩遭	4
liang-tsoh	量足	1
liang-vah	兩伐	2
liang-yiang	兩樣	6
liang-zih	糧食	1
liang-ʽao-sang	兩號生	1
liang-ʽô	兩下	13
liao	撩	1
liao-feh-teh	了弗得	1
liao-go	了個	1
liao-kyiao-li	繚繳裏	1
liao-kyiao-li-go	繚繳裏個	1
liao-kyih	了結	2
liao-kʽao	鐐銬	4
liao-lön-go	繚亂個	1
liao-zông-læ	撩上來	1
lih	立	76
lih	力	1
lih-cʽih-læ	立出來	2
lih-dao	力道	2
lih-ding	立定	8
lih-ding-go	立定個	2
lih-fah	律法	229
lih-fah-go	律法個	27
lih-fah-li	律法裏	6
lih-feh-lao	立弗牢	4
lih-go	立個	3
lih-iah-go	立約個	2
lih-koh	列國	3
lih-koh-go	列國個	2
lih-kyiah-ts	立腳之	1
lih-kyʽi	立起	1
lih-kyʽi-læ	立起來	11
lih-kyʽi-sing	立起身	11
lih-kæn	立間	11
lih-kæn-go	立間個	3
lih-kʽeh	立刻	55
lih-kʽæ	裂開	2
lih-lao-tong	立牢東	1
lih-leh	立勒	10
lih-leh	立了	1
lih-leh-djü	立勒住	6
lih-leh-lao	立勒牢	9
lih-li	律例	2
lih-liang	力量	22
lih-lih	立立	1
lih-læ	立來	4
lih-lôh	立落	4
lih-lôh-læ	立落來	1
lih-su	粒數	1
lih-tong	立東	18
lih-tong-de	立東了	1
lih-tong-go	立東個	15
lih-ts	立仔	16
lih-tæn-kyʽi	立帶起	1
lih-we	列位	1
lin	連	106
lin-cʽih-læ	煉出來	1
lin-cʽü	廉恥	2
lin-diao	鏈條	25
lin-djü	連住	1
lin-fæn	臉番	1
lin-le	連累	2
lin-lin	練練	1
lin-loh	聯絡	2
lin-pʽing-keh-djü-go	連拼合柱個	1
lin-tao	鐮刀	8
lin-tsih	連只	3
lin-tsih	連即	1
lin-yia	連夜	3
ling	靈	61
ling	領	39
ling	零	3
ling	嶺	1
ling	臨	1
ling-cong	臨終	2
ling-cong-de	臨終了	1
ling-deo	領頭	1
ling-djôh	臨着	43
ling-djôh	領着	1
ling-djôh-go	臨着個	1
ling-djôh-ko	臨着過	1
ling-go	靈個	2
ling-kying	領徑	1
ling-kyü	鄰居	2
ling-kyʽi	靈氣	6
ling-kyʽi-go	靈氣個	4
ling-kyʽiao	靈巧	2
ling-leh	領勒	12
ling-leh-kying	靈勒緊	2
ling-leh-kying-go	靈勒緊個	13
ling-ling-dong	懍懍動	4
ling-lu-go	領路個	2
ling-lông	令郎	2
ling-miao-go	靈妙個	3
ling-mun	臨滿	1
ling-nga	另外	5
ling-se	零碎	14
ling-si	臨死	1
ling-sih	淋溼	2
ling-sing	靈性	29
ling-sing	零星	1
ling-sing-coh-cün	靈性折轉	1
ling-sing-go	靈性個	3
ling-sô-ko	鄰舍個	1
ling-sô-kô	鄰舍家	19
ling-ts	領子	2
ling-ts-go	領子個	3
ling-weh	靈活	2
ling-weh-go	靈活個	2
ling-weng	靈魂	6
ling-weng-go	靈魂個	1
ling-zin	領前	1
ling-ziu	領受	1
ling-æ	令愛	2
liu	留	10
liu	流	1
liu-bin	流便	1
liu-cʽih	流出	14
liu-cʽih	溜出	1
liu-cʽih	留出	1
liu-cʽih-læ	流出來	5
liu-cʽih-læ-go	流出來個	3
liu-djü	留住	4
liu-djü-de	留住了	1
liu-hyüih-go	流血個	1
liu-lôh	留落	4
liu-lôh-sing	留落星	1
liu-lôh-tong	留落東	1
liu-lôh-tʽa-hyiang	流落他鄉	1
liu-sing	留心	29
liu-sing	流星	1
liu-wông	硫磺	8
lo-da	羅大	1
lo-kyʽi-kæn	擄去間	1
lo-liah	擄掠	8
lo-liah-go	擄掠個	1
lo-liah-læ-go	擄掠來個	1
lo-mô	羅馬	24
lo-mô-go	羅馬個	1
lo-po-en	羅波安	2
lo-teh	羅得	4
lo-ti	羅底	1
lo-yi	羅以	1
loh	六	7
loh-do	駱駝	6
loh-go	六個	2
loh-jih	六十	8
loh-ko	六個	3
loh-ko	落個	1
loh-kʽeo	六口	1
loh-li	六里	1
loh-nyüoh	綠玉	1
loh-pah	六百	2
loh-tsah	六隻	1
long	弄	41
long	龍	12
long	攏	4
long-bang	聾𦗭	4
long-bang-go	聾𦗭個	1
long-cʽih	弄出	10
long-cʽih-læ	弄出來	1
long-diao	弄掉	2
long-do	弄大	10
long-dön	弄斷	1
long-fah	弄法	5
long-go	龍個	1
long-leh	弄勒	22
long-læ	攏來	8
long-sah	弄煞	51
long-sah-go	弄煞個	2
long-song	弄送	2
long-tsong	攏總	191
long-tsong-go	攏總個	3
long-tsʽo	弄錯	1
long-wæn	弄環	4
lu	路	69
lu-cʽih	露出	2
lu-cʽih-læ	露出來	5
lu-dao	路道	1
lu-deo	路頭	4
lu-dzing	路程	4
lu-fu	魯孚	1
lu-fu-go	魯孚個	1
lu-gyiu	路求	2
lu-ka-li	路街裏	2
lu-ken	蘆竿	7
lu-ken-li	蘆竿裏	2
lu-kyüô	路加	3
lu-kʽeo-den	路口頭	1
lu-li	路裏	7
lu-teh	路得	1
lu-we	蘆薈	1
lu-z-teh	路士得	6
lu-zông	路上	16
lu-zông-go	路上個	1
læ	來	2302
læ-de	來了	35
læ-feh-gyi	來弗及	1
læ-go	來個	125
læ-gyi	來其	33
læ-ko-de	來過了	2
læ-kyʽi-go	來去個	1
læ-kæn	來間	148
læ-kæn-go	來間個	20
læ-leh	來勒	3
læ-lih	來歷	5
læ-læ-kyʽi-kyʽi-go	來來去去個	2
læ-tih	來的	329
læ-tih-go	來的個	3
læ-tong	來東	200
læ-tong-de	來東了	6
læ-tong-go	來東個	26
læ-w̆ông	來往	1
læn	籃	11
læn	懶	2
læn-do	懶惰	1
læn-do-go	懶惰個	1
læn-kʽæ-kyʽi	爛開去	1
læn-li	籃裏	2
læn-li	襤褸	1
læn-teh	懶得	2
læn-tsu	攔阻	2
læn-wu	爛糊	7
læn-wu-de	爛糊了	1
lôh	落	54
lôh-de	落了	1
lôh-kyʽi	落去	5
lôh-kæn	落監	3
lôh-kæn-go	落監個	3
lôh-kʽong	落空	3
lôh-kʽong-de	落空了	2
lôh-kʽong-go	落空個	1
lôh-læ	落來	9
lôh-lôh-læ	落落來	3
lôh-næn-go	落難個	1
lôh-sæn	落山	3
lôh-teh	落得	2
lôh-væn	落凡	2
lôh-yü	落雨	2
lôh-yü-de	落雨了	2
lôh-ʽeo	落後	4
lông	浪	7
lông-oh	廊屋	1
lông-oh-li	廊屋裏	2
lön	亂	5
lön-tsʽih-pah-tsao	亂七八糟	2
lön-tsʽön-kyʽi	亂攛去	1
lön-tsʽön-kyʽi	亂攛起	1
lön-tsʽön-kyʽi	亂竄氣	1
lön-wô	亂話	1
l̆a	拉	5
l̆a-djü	拉住	1
l̆a-leh	拉勒	4
l̆eo	𠞭	1
l̆eo-cʽih	𠞭出	3
l̆o-so	囉唆	1
l̆ong-tsing	弄進	1
m	嘸	9
m-bing-go	嘸病個	1
m-bing-kyü	嘸憑據	1
m-cong-yüong	嘸中用	1
m-cʽih-lu	嘸出路	1
m-cʽü	嘸處	3
m-dao-dzing	嘸陶成	7
m-dao-dzing-de	嘸陶成了	2
m-dao-dzing-go	嘸陶成個	1
m-diao	嘸掉	1
m-ding-go	嘸定個	1
m-gyüong-dzing	嘸窮盡	2
m-gyüong-dzing-go	嘸窮盡個	2
m-iao-kying	嘸要緊	4
m-ing-tsong-go	嘸影蹤個	4
m-jing-sing	嘸人性	2
m-kao	嘸告	94
m-kao-go	嘸告個	1
m-kao-shü	嘸酵水	1
m-keng-deo	嘸根頭	1
m-kong-fu	嘸工夫	1
m-kwæn-dzih	嘸關涉	1
m-kwæn-ngæ	嘸關礙	1
m-kyi	嘸幾	2
m-kyi-toh-go	嘸基督個	1
m-kyiu-sing-de	嘸救星了	1
m-kyʽi-lih	嘸氣力	1
m-kyʽi-m-tao	嘸起嘸倒	1
m-kyʽüoh-yüong	嘸喫用	2
m-lao-nyüing	嘸老𡢿	1
m-li	嘸理	1
m-li-sing	嘸理性	2
m-li-sing-go	嘸理性個	1
m-lih-fah	嘸律法	2
m-lih-fah-go	嘸律法個	2
m-lih-go	嘸力個	2
m-lih-liang	嘸力量	2
m-lih-liang-go	嘸力量個	1
m-ling-kyʽi	嘸靈氣	1
m-mao-bing	嘸毛病	4
m-nao	嘸得好	269
m-neh	嘸得	299
m-neh-de	嘸得了	3
m-neh-go	嘸得個	13
m-nying	嘸人	83
m-pæn-poh-go	嘸扳駁個	1
m-pæn-pô-go	嘸瘢疤個	1
m-pʽi-bing	嘸批評	6
m-pʽi-bing-go	嘸批評個	4
m-pʽin-kyʽüoh-sing	嘸偏曲心	1
m-shih-fah	嘸設法	3
m-shü-go	嘸水個	1
m-siang-deo	嘸想頭	1
m-siang-vông	嘸想望	1
m-sing-iah	嘸信約	1
m-sing-jih	嘸信實	1
m-sing-jih-go	嘸信實個	1
m-su-moh-tsiang	嘸數目賬	1
m-teh	嘸得	1
m-ti-kʽang	嘸底坑	3
m-ti-kʽang-go	嘸底坑個	2
m-ti-kʽang-li	嘸底坑裏	2
m-tia-m-nyiang	嘸爹嘸孃	1
m-to-siao	嘸多少	3
m-to-siao-de	嘸多少了	1
m-tsiu-keh-li	嘸周割禮	8
m-tsiu-keh-li-go	嘸周割禮個	2
m-tso	嘸做	2
m-tsʽæ	嘸采	2
m-tʽi-min	嘸體面	6
m-tʽi-min-go	嘸體面個	4
m-veng	嘸份	3
m-veng	嘸分	1
m-veng-de	嘸份了	1
m-yih	嘸葉	1
m-yiu	嘸有	55
m-yü-go	嘸雨個	1
m-yüong	嘸用	1
m-yüong-dziang	嘸用場	1
m-yüong-go	嘸用個	2
m-yüô-tin	嘸瑕點	4
m-yüô-tin-go	嘸瑕點個	6
m-ze	嘸罪	2
m-ze-go	嘸罪個	2
m-ʽôh-veng-go	嘸學問個	1
ma	嗎	272
ma	賣	26
ma	買	22
ma-cü	賣主	1
ma-cʽih	賣出	2
ma-cʽih-go	賣出個	1
ma-de	買了	2
ma-diao	賣掉	28
ma-diao-go	賣掉個	1
ma-diao-ts	賣掉仔	3
ma-go	買個	3
ma-go	賣個	1
ma-hyüih-go	賣血個	1
ma-kæn	買間	2
ma-leh	買了	1
ma-læ-go	買來個	4
ma-ma	買賣	3
ma-ma-go	買賣個	1
ma-tsing	買進	2
ma-tsing-go	買進個	2
mah	麥	9
mah	末	1
mah-be	麥佩	3
mah-din-li	麥田裏	3
mah-feng	麥粉	1
mah-go	末個	16
mah-go	麥個	1
mah-kyi	麥基	4
mah-kyi-si-teh	麥基洗德	4
mah-kyi-si-teh-go	麥基洗德個	7
mah-yiah	沒藥	1
mang	猛	2
mang-ho	猛火	3
mang-mang	猛猛	4
mang-sing	猛心	1
mao	毛	15
mao	錨	8
mao-bing	毛病	3
mao-cʽong	冒充	4
mao-cʽong-go	冒充個	1
mao-hyin	冒險	1
mao-leh	冒勒	3
mao-pu	毛布	1
mao-si	冒死	1
mao-ün	媢怨	8
me	每	5
me	霉	4
me	𤈦	2
me-diao	𤈦掉	9
me-djông	每常	1
me-fi-diao	糜費掉	1
me-fong	每封	1
me-kyʽüih	美缺	1
me-kʽeo	每口	1
me-lah	每拉	1
me-leh-kying	美勒緊	1
me-læn	黴爛	2
me-me	每每	1
me-meng	美門	1
me-meng-kʽeo	美門口	1
me-nyih	每日	7
me-nyin	每年	3
me-nying	每人	1
me-sah	𤈦煞	2
me-si-üô	每西亞	2
me-u	黴污	1
me-vong	每逢	1
me-yia	每夜	1
meh-da-lah-go	抹大拉個	13
meh-dæ	末代	3
meh-dæ-go	末代個	1
meh-gyih	末極	2
meh-yiah	沒藥	3
meh-z	默示	15
meh-zông	沒上	1
meh-zông-læ	沒上來	2
meng	問	105
meng	門	41
meng	捫	1
meng-cʽih-læ-go	問出來個	1
meng-deo	門頭	1
meng-du	門徒	354
meng-du-go	門徒個	7
meng-kʽeo	門口	21
meng-kʽeo-den	門口頭	3
meng-li	門裏	2
meng-læ-meng-kyʽi	問來問去	1
meng-meng	問問	6
meng-nga	門外	1
meng-veng	門份	15
meng-veng-go	門份個	2
meng-zông	門上	1
meng-ʽô	門下	1
meo-lao	母老	1
meo-zing	茂盛	3
meo-ʽæ	謀害	4
mi-dao	味道	8
mi-de	未了	3
mi-din	米甸	1
mi-djü	迷住	2
mi-djü-de	迷住了	1
mi-kyüô-leh	米迦勒	2
mi-li-da	米利大	1
mi-li-tu	米利都	3
mi-li-üô	米利亞	2
mi-long-kyʽi-de	眯攏去了	2
mi-lu	迷路	1
mi-lu-go	迷路個	3
mi-læ	未來	3
mi-pô	尾巴	4
mi-pô-li	尾巴裏	1
mi-sæ-üô	彌賽亞	3
mi-sô-po-da-mi	米所波大米	2
mi-tʽa	米太	1
mi-tʽe-li-nyi	米推利尼	1
mi-ʽôh	迷惑	22
mi-ʽôh-de	迷惑了	1
mi-ʽôh-go	迷惑個	2
miao-deo	廟頭	1
miao-li	廟裏	1
miao-li-go	廟裏個	1
miao-yü	廟宇	2
miao-yü-li	廟宇裏	1
miao-z	藐視	2
mih-diao	滅掉	36
mih-diao-de	滅掉了	2
mih-dông	蜜糖	4
mih-feh-dong-fong	密弗洞風	3
mih-fong-kʽo	蜜蜂窠	1
mih-vông	滅亡	22
mih-vông-de	滅亡了	1
mih-vông-go	滅亡個	4
min	面	6
min-diao	免掉	8
min-diao-ts	免掉仔	1
min-dzing	面情	1
min-feng	麪粉	3
min-kyʽiang	勉強	5
min-kʽong	面孔	24
min-kʽong-go	面孔個	1
min-li	勉勵	2
min-seh	面色	1
min-teng	面頂	11
min-zin	面前	202
min-zin-go	面前個	1
min-zông	眠牀	5
min-zông	面上	2
min-zông-li	眠牀裏	2
min-zông-ʽô	眠牀下	2
ming	名	2
ming-bah	明白	75
ming-bah-go	明白個	11
ming-deo	名頭	136
ming-dông	明堂	1
ming-dông-li	明堂裏	2
ming-dông-ʽeo	明堂後	1
ming-liang	明亮	2
ming-liang-go	明亮個	1
ming-ming	明明	45
ming-sing	名聲	22
ming-su	名數	1
ming-tsiao	明朝	13
ming-tsiao-go	明朝個	1
ming-tông-tông	明當當	22
ming-tông-tông-go	明當當個	2
ming-z	名字	86
ming-z-go	名字個	1
ming-ʽô	名下	17
ming-ʽô-go	名下個	5
mo	磨	2
mo	某	1
mo-bun	磨盤	1
mo-fông-li	磨坊裏	1
mo-kwe	魔鬼	30
mo-kwe-go	魔鬼個	7
mo-li	魔利	1
mo-lôh	摩洛	1
mo-nying	某人	1
mo-næn	磨難	11
mo-si	摩西	69
mo-si-go	摩西個	15
mo-zông-zeng	磨上層	3
moh	摸	6
moh	墨	3
moh-deo	木頭	3
moh-djôh	摸着	2
moh-ko	摸過	1
moh-læ-moh-kyʽi	摸來摸去	2
moh-moh	摸摸	13
moh-s	牧師	4
moh-tiao	木雕	1
moh-tsʽeh-di-en-go	墨漆地暗個	1
moh-ziang	木匠	2
mong	蒙	10
mong	夢	7
mong-tong	懵懂	3
mun	滿	7
mun-cʽih	滿出	1
mun-de	滿了	11
mun-deo	饅頭	48
mun-deo-go	饅頭個	2
mun-feh-djü	瞞弗住	1
mun-kæn	滿間	1
mun-kʽeo	滿口	1
mun-mun	滿滿	8
mun-mông	滿網	1
mun-ngæn	滿眼	1
mun-sing	滿心	3
mun-sing	滿身	1
mun-tsiang	幔帳	6
mun-tsoh	滿足	18
mun-tsoh-de	滿足了	4
mun-tsoh-go	滿足個	1
mun-tsôh	滿足	4
mun-ying	滿盈	1
mæ-nen	買南	2
mæn	蠻	1
mæn-dziang	漫長	3
mæn-mæn	慢慢	1
mæn-nying	蠻人	2
mæn-tin	慢點	2
mô	馬	14
mô-da	馬大	14
mô-da-di-üô	瑪大提亞	4
mô-da-go	馬大個	1
mô-dah-tʽa	瑪達他	2
mô-di-üô	馬提亞	2
mô-go	馬個	1
mô-gyi-teng	馬其頓	25
mô-gyi-teng-go	馬其頓個	2
mô-i	麻衣	3
mô-iah	瑪押	2
mô-kyiang-zing	馬繮繩	1
mô-kôh	瑪各	1
mô-kʽo	馬可	8
mô-leh-kwu	馬勒古	1
mô-leh-lih	瑪勒列	2
mô-li-üô	馬利亞	62
mô-li-üô-go	馬利亞個	2
mô-long-deo	馬籠頭	1
mô-nao	瑪瑙	2
mô-nyiæn	馬念	1
mô-nô	嗎嗱	5
mô-nô-si	瑪拿西	3
mô-ping	馬兵	2
mô-ping-go	馬兵個	1
mô-pu	麻布	17
mô-tsiang	麻雀	4
mô-tæn	馬担	2
mô-tʽa	馬太	5
mô-tʽah	瑪塔	4
mô-tʽu-sah-lah	瑪土撒拉	2
mô-zao-li	馬槽裏	3
mô-ziah-tsʽ	馬嚼刺	1
mô-zông	馬上	5
mông	網	15
mông-kyi	忘記	11
mông-kyi-go	忘記個	1
mông-mông	望望	78
mông-vu-deo-jü-de	茫無頭緒了	1
m̆-teh	嘸得	147
m̆-teh-go	嘸得個	17
m̆-ti-kʽang-li	嘸底坑裏	1
na	奶	4
na-hwun	奶花	37
na-hwun-go	奶花個	2
na-nyi	爛泥	12
nao	踔	2
nao-diao	踔掉	1
nao-kʽôh-deo	腦殼頭	1
nao-læ-nao-kyʽi	踔來踔去	1
nao-nao-nyih-nyih	鬧鬧熱熱	1
nao-nyih	鬧熱	2
nao-nyih-bang-sang	鬧熱彭生	3
nao-wu	踔糊	1
nao-z	鬧事	5
neh-da-li	納大利	2
neh-da-li-go	納大利個	1
nen	男	23
nen	內	6
nen-cong	內中	25
nen-fong	南風	3
nen-fong	男風	2
nen-go	男個	3
nen-nen-nyü-nyü	男男女女	4
nen-nyü	男女	1
nen-nyü-go	男女個	1
nen-nyüing	男𡢿	59
nen-nyüing-go	男𡢿個	3
nen-pin	南邊	3
nen-pin-go	南邊個	2
neng-ken	能幹	100
neng-ken-go	能幹個	7
neng-keo	能夠	308
neng-keo-bin-pih	能夠辨別	1
neng-keo-go	能夠個	9
neng-keo-tseo-tsing	能夠走進	1
neng-kyʽi-læ	嫩起來	2
neng-s	能使	30
neo-tsʽeo	偶湊	2
ng	爾	1415
ng	魚	30
ng	五	5
ng-go	爾個	334
ng-go	五個	17
ng-go	魚個	1
ng-hao	爾好	1
ng-jih	五十	6
ng-jih-leo	五十簍	1
ng-kang-hyiao	五更曉	3
ng-ko	五個	3
ng-kwʽe	五塊	1
ng-lah	爾拉	2424
ng-lah-go	爾拉個	234
ng-lah-teh-kyʽi	爾拉德氣	1
ng-ling	魚鱗	1
ng-ngô	爾我	1
ng-ngô-go	爾我個	1
ng-noh	爾儂	20
ng-nô	兒囡	70
ng-nô-go	兒囡個	4
ng-pah-to	五百多	1
ng-seng	兒孫	1
ng-to	耳朵	40
ng-to-li	耳朵裏	4
ng-ts	兒子	441
ng-ts-go	兒子個	14
ng-tsah	五隻	1
ng-tsao	五遭	1
ng-tsʽin	五千	15
ng-tsʽin-liang	五千兩	1
ng-ying	五行	2
ng-zi	爾自	24
ng-zi-go	爾自個	11
nga-bo	外婆	1
nga-deo	外頭	37
nga-deo-go	外頭個	4
nga-hyiang	外向	1
nga-koh	外國	3
nga-koh-nying	外國人	3
nga-koh-nying-go	外國人個	2
nga-kwông-min	外光面	7
nga-læ-nying	外來人	2
nga-mao	外貌	1
nga-min-go	外面個	1
ngah-ko-ts	扤過仔	1
ngah-kôh-deo	額角頭	1
ngah-kôh-li	額角裏	3
ngah-kôh-zông	額角上	3
ngah-nga	額外	1
ngang	硬	17
ngang-de	硬了	3
ngang-iao	硬要	1
ngang-kʽô	硬抲	12
ngang-long	硬弄	1
ngao	咬	3
ngao-djôh	咬着	1
ngao-leh	咬勒	7
ngao-leh-ngô-tsʽ	咬勒牙齒	1
ngao-læ-ngao-kyʽi	咬來咬去	1
ngen	岸	11
ngen-zông	岸上	4
ngeo	牛	11
ngeo-sih	牛膝	1
ngeo-sih-tsʽao	牛膝草	1
ngeo-ziang	偶像	27
ngeo-ziang-go	偶像個	9
ngo-deo	訛頭	2
ngo-leh	餓勒	3
ngo-mo-lah	蛾摩拉	2
ngo-mo-lah-go	蛾摩拉個	3
ngo-sah	餓煞	1
ngwe-hyin	危險	10
ngwe-hyin-go	危險個	1
ngwu-siang	互相	2
ngwu-tao	悟到	1
ngæ	捱	1
ngæ	礙	1
ngæ-tang	捱打	4
ngæ-teng-teng	呆頓頓	1
ngæ-tong	捱凍	1
ngæn	眼	1
ngæn-deo	銜頭	2
ngæn-kyin-go	眼見個	1
ngæn-kʽæ-ngæn-pi	眼開眼閉	2
ngæn-li	眼淚	17
ngæn-li	眼裏	1
ngæn-li-cʽih	眼淚出	1
ngæn-min-zin	眼面前	2
ngæn-seh	顏色	1
ngæn-tsing	眼睛	86
ngæn-tsing-go	眼睛個	1
ngæn-tsing-li	眼睛裏	6
ngæn-tsing-li-go	眼睛裏個	4
ngæn-yiah	眼藥	1
ngæn-zin	眼前	3
ngæn-zin-hwô	眼前花	2
ngô	我	2955
ngô	芽	1
ngô-den	芽頭	3
ngô-go	我個	330
ngô-ho	瓦貨	3
ngô-meng-li	衙門裏	9
ngô-ngô-hyiang	牙牙響	1
ngô-pʽin	瓦片	1
ngô-tsiao	砑礁	1
ngô-tsʽ	牙齒	11
ngô-yüoh	衙役	2
ngô-zi	我自	37
ngô-zi-go	我自個	4
ni	呢	191
no-ziah	懦弱	22
no-ziah-go	懦弱個	14
nong-fu-go	農夫個	1
nu-boh	奴僕	180
nu-boh-go	奴僕個	6
nu-sing	怒心	1
nyi-cü	泥豬	20
nyi-cü-go	泥豬個	1
nyi-den	泥潭	1
nyi-din	二鈿	1
nyi-du-teng	泥塗頂	1
nyi-feng	二分	1
nyi-kang	二更	2
nyi-ko-lah	尼哥拉	3
nyi-ko-po-lih	尼哥波立	1
nyi-ko-ti-meo	尼哥底母	5
nyi-kyih	尼結	1
nyi-kyüô-nô	尼迦挪	1
nyi-leng	議論	33
nyi-leng-feng-feng	議論紛紛	1
nyi-leng-kyʽi-læ	議論起來	1
nyi-li	尼利	2
nyi-li-üô	尼利亞	1
nyi-nyi-vi	尼尼微	5
nyi-nyüoh-li	泥浴裏	6
nyi-pah	二百	5
nyi-sing	疑心	3
nyi-su	泥塑	1
nyi-su-moh-tiao	泥塑木雕	2
nyi-su-moh-tiao-go	泥塑木雕個	3
nyi-tsʽin	二千	7
nyi-væn	二萬	2
nyi-væn-væn	二萬萬	1
nyi-z-bu-li	議事部裏	1
nyi-z-bu-li-go	議事部裏個	1
nyi-üô-po-li	尼亞波利	1
nyi-ʽôh	疑惑	8
nyi-ʽôh-go	疑惑個	2
nyi-ʽôh-peh-kyüih	疑惑不決	5
nyiah	捏	7
nyiah-ding	捏定	1
nyiah-ding-go	捏定個	1
nyiah-dzih	瘧疾	1
nyiah-feh-jih-go	捏弗實個	2
nyiah-jih	捏實	2
nyiah-leh	捏勒	16
nyiah-leh-lao	捏勒牢	1
nyiah-siu-go	捏手個	1
nyiah-zao	捏造	1
nyiah-zao-go	捏造個	1
nyiang	讓	2
nyiang-ts	娘子	20
nyiang-ts-go	娘子個	3
nyiang-tʽæ	孃胎	5
nyiang-vông	仰望	10
nyiang-vông-go	仰望個	2
nyiao	饒	2
nyiao-cün	繞轉	1
nyiao-fông	饒放	2
nyiao-sô	饒赦	13
nyih	日	156
nyih	熱	6
nyih	業	2
nyih-cü	業主	3
nyih-de	熱了	2
nyih-deo	日頭	28
nyih-deo-go	日頭個	2
nyih-deo-li	日頭裏	1
nyih-dong-dong	熱烔烔	1
nyih-go	日個	1
nyih-go	熱個	1
nyih-ko-nyih	日過日	1
nyih-kwông	日光	1
nyih-kyiah	日腳	5
nyih-li	日裏	5
nyih-li-go	日裏個	2
nyih-nyih	日日	16
nyih-nyih-yia-yia	日日夜夜	1
nyih-sah	熱煞	1
nyih-sing	熱心	19
nyih-sing-go	熱心個	2
nyih-su	日數	2
nyih-tang-nyih	日打日	1
nyih-ts	日子	156
nyih-ts-go	日子個	3
nyih-yia	日夜	14
nyin	年	44
nyin	硯	1
nyin-cün	扭轉	20
nyin-dzing	年成	3
nyin-go	嚴個	2
nyin-hyüih-go	染血個	1
nyin-jün	儼然	2
nyin-kang	年庚	1
nyin-koh-go	碾穀個	2
nyin-kyi	年紀	15
nyin-kying	嚴禁	1
nyin-kying	嚴緊	1
nyin-kʽeo	年口	1
nyin-li	嚴厲	2
nyin-læ	碾來	1
nyin-nyin	嚴嚴	1
nyin-nyin	年年	1
nyin-su	年數	3
nyin-tæn-cün	扭帶轉	3
nyin-veng	年份	1
nyin-zæn	黏饞	3
nying	人	1897
nying	銀	2
nying-djôh	認着	7
nying-djôh-go	認着個	1
nying-fah	寧法	1
nying-go	人個	263
nying-go	銀個	1
nying-go-ng-ts	人個兒子	1
nying-kwʽu-li	銀庫裏	1
nying-kô	人家	253
nying-kô-go	人家個	15
nying-kʽah	人客	16
nying-leh-cʽih	認勒出	1
nying-long	認攏	1
nying-long-liao	凝攏了	1
nying-s-vu	銀師父	1
nying-sing	人聲	3
nying-su	人數	1
nying-teh	認得	38
nying-teh-go	認得個	4
nying-ts	銀子	60
nying-ts-go	銀子個	1
nying-tsih	迎接	19
nying-tsing	迎進	1
nying-wô	人話	1
nyiæn-deo	念頭	5
nyiæn-go	廿個	1
nyiæn-jing	廿仞	1
nyiæn-liang	廿兩	2
nyiæn-ng	廿五	1
nyiæn-pô	廿把	1
nyiæn-s-go	廿四個	7
nyü	女	14
nyü-beng	愚笨	16
nyü-beng-go	愚笨個	19
nyü-cʽing	愚蠢	3
nyü-cʽing-go	愚蠢個	3
nyü-go	女個	1
nyü-nying	女人	151
nyü-nying-de	女人隊	1
nyü-nying-go	女人個	2
nyü-nyüing	女𡢿	1
nyü-seh	女色	1
nyü-wông	女皇	4
nyü-wông	女王	1
nyü-zông	御狀	1
nyün	原	8
nyün	願	2
nyün	軟	1
nyün-deo	源頭	1
nyün-deo	願頭	1
nyün-go	願個	1
nyün-gyüoh	軟局	1
nyün-kao	原告	5
nyün-liang	原諒	17
nyün-siang	軟相	3
nyün-sing	願心	2
nyün-z	原是	10
nyün-ziah	軟弱	4
nyün-ziah-go	軟弱個	3
nyüoh	肉	25
nyüoh-go	玉個	3
nyüoh-kwe	肉桂	1
nyüoh-pe-ba	肉碑牌	1
nyüoh-sing	肉身	95
nyüoh-sing-go	肉身個	22
nyüoh-sing-li	肉身裏	2
nyüoh-sing-li-go	肉身裏個	1
nyüoh-sing-zông	肉身上	2
nyüoh-tsiang	肉醬	1
nyüoh-zah-go	玉石個	1
nyüong	濃	1
næ-mæn	乃幔	1
næ-næ-sing-sing	耐耐心心	3
næ-sing	耐心	19
næn	難	14
næn-cʽü	難處	3
næn-dao	難道	83
næn-deo	難頭	20
næn-fah	難法	1
næn-go	難個	2
næn-ko	難過	9
næn-kæn	難間	237
næn-leh-kying	難勒緊	2
næn-ngao	難熬	2
næn-teh	難得	3
næn-tʽiao-go	難挑個	2
næn-we	難爲	1
næn-yi	難以	1
nô	喏	3
nô-dæn-nyih	拿但業	6
nô-gyi-su	拿其數	1
nô-ing	拿因	1
nô-jing	拿順	4
nô-kæ	拿該	2
nô-ngôh	拿鶴	2
nô-ong	拿翁	2
nô-sah-leh	拿撒勒	20
nô-sah-leh-go	拿撒勒個	11
nô-seng	拿孫	1
nô-tæn	拿單	2
nô-üô	挪亞	10
nön	囡	27
nön-go	囡個	1
o-leh	捼勒	3
o-ling-pô	阿林巴	1
o-mi-kyüô	阿米加	4
o-nyi-seh-feh	阿尼色弗	2
o-nyi-si-meo	阿尼西母	2
o-pah	阿伯	4
oh	屋	17
oh-djü	屋柱	1
oh-go	屋個	1
oh-koh-loh-den	屋角落頭	2
oh-li	屋裏	73
oh-li-go	屋裏個	11
oh-lô	屋落	71
oh-lô-go	屋落個	1
oh-nao-tsin	屋腦尖	2
oh-ngô-teng	屋瓦頂	1
oh-teng	屋頂	7
oh-yü	屋宇	12
pa	拜	49
pa	擺	6
pa-cʽih	擺出	4
pa-cʽih-tong	擺出東	2
pa-go	拜個	3
pa-ko-kyʽi	擺過去	1
pa-ko-læ-go	擺過來個	1
pa-kæn	擺間	1
pa-kæn-go	擺間個	4
pa-leh	擺勒	1
pa-pa	拜拜	12
pa-pʽing	擺拼	2
pa-shih-hao-liao	擺設好了	2
pa-tao	拜倒	1
pa-tong	擺東	2
pa-tæn-kʽæ	擺帶開	1
pa-voh	拜服	1
pah	八	4
pah-da-nyi	伯大尼	11
pah-da-pô-lah	伯大巴喇	1
pah-fah-kyi	伯法基	3
pah-go	八個	2
pah-i-pah-jing	百依百順	2
pah-jih	八十	1
pah-jih-zah	八十石	1
pah-koh	百穀	1
pah-kyi-lah	百基拉	6
pah-lah	伯拉	2
pah-lah-z-tu	伯拉士都	1
pah-li-ʽeng	伯利恆	8
pah-lo-ko-lo	伯羅哥羅	1
pah-lo-pô	八羅巴	1
pah-nyi-kyi	百尼基	3
pah-sing	百姓	200
pah-sing-go	百姓個	18
pah-sing-lah	百姓拉	2
pah-sæ-da	伯賽大	6
pah-tiao	百鳥	2
pah-tsong	百總	23
pah-tsong-go	百總個	1
pah-tsôh	百作	1
pah-tʽi	百體	19
pah-yiang	百樣	18
pah-ʽeh	百合	2
pang-se	綳碎	2
pao	報	16
pao	飽	2
pao	保	1
pao	包	1
pao	豹	1
pao-cʽih	爆出	4
pao-cʽih-læ	爆出來	4
pao-djün	保全	9
pao-djün-de	保全了	2
pao-dzing	報盡	1
pao-dziu	報仇	1
pao-hao	包好	1
pao-ing	報應	26
pao-kwah-tsing	包括進	1
pao-kweh-tsing	包括進	1
pao-kyin	寶劍	8
pao-kô	保家	5
pao-kʽæ	爆開	3
pao-kʽæ-de	爆開了	1
pao-lao	保牢	2
pao-leh	包勒	1
pao-leh-lao	保勒牢	2
pao-lo	保羅	189
pao-lo-go	保羅個	10
pao-læn	寶藍	1
pao-nying	保人	1
pao-pao	飽飽	1
pao-pe	寶貝	6
pao-pe-go	寶貝個	4
pao-siu	保守	45
pao-siu-ts	保守仔	1
pao-teh	報答	1
pao-tih	包的	1
pao-voh	包袱	5
pao-wu	保護	13
pao-wæn	報還	1
pao-yiang	保養	1
pao-yiu	保佑	3
pao-zah	寶石	6
pe	揹	4
pe	背	4
pe-ba	碑牌	1
pe-feh-dong-go	揹弗動個	1
pe-kong-kyʽüih-tsih	卑躬屈節	2
pe-kyʽi	揹起	1
pe-lah-to	彼拉多	60
pe-leh	揹勒	9
pe-lih	彼列	1
pe-shông	悲傷	11
pe-shông-go	悲傷個	3
pe-shông-kyʽi-læ-de	悲傷起來了	1
pe-si-ti	彼西底	1
pe-si-ti-go	彼西底個	1
pe-sih	彼息	1
pe-teh	彼得	178
pe-teh-go	彼得個	7
pe-ts	杯子	24
pe-ts	揹仔	1
pe-ts-li	杯子裏	2
pe-tsih	背脊	1
pe-tsʽ	彼此	1
pe-veng	輩份	1
pe-zin	卑賤	3
pe-zin-go	卑賤個	6
pe-ʽeo-go	背後個	1
peh	撥	1204
peh	不	1
peh-djông	不常	12
peh-fah	不法	1
peh-jing-siang	不忍相	1
peh-ko	不過	35
peh-kyüih-go	不決個	2
peh-kʽæn	不堪	1
peh-kʽæn-go	不堪個	1
peh-pih	不必	1
peh-yi	不義	2
peng	奔	4
peng	本	2
peng-cün	奔轉	1
peng-di	本地	1
peng-di-nying	本地人	2
peng-dzing	本城	2
peng-fah	奔法	1
peng-gying	奔競	2
peng-i	本意	1
peng-koh	本國	4
peng-koh-nying	本國人	4
peng-koh-nying-go	本國人個	1
peng-kyʽi	奔去	3
peng-kyʽi	奔起	3
peng-leh	奔勒	2
peng-leh-kyʽi	奔勒去	3
peng-long	奔攏	1
peng-long-kyʽi	奔攏去	1
peng-long-læ	奔攏來	5
peng-læ	本來	11
peng-læ-go	本來個	1
peng-lôh	奔落	1
peng-po	奔波	1
peng-ti-ts	本底子	2
peng-tiu	本丟	4
peng-tsing-kyʽi	奔進去	1
peng-tu	本都	3
peng-z	本事	1
peng-zing	本城	1
peng-zông-kyʽi	奔上去	2
peng-zông-zin	奔上前	1
peng-ü	本於	1
pi	比	78
pi-djü	閉住	1
pi-feh-teh	比弗得	1
pi-fông	比方	50
pi-fông-go	比方個	1
pi-kyiao	比較	2
pi-leh	比勒	1
pi-li-üô	庇哩亞	2
pi-li-üô-go	庇哩亞個	1
pi-læ	比來	1
pi-mih	祕密	1
pi-mih	秘密	1
pi-tih	閉的	2
pi-tʽe-nyi	庇推尼	2
pi-vu	比武	1
pi-vu-go	比武個	1
pi-yü	比喻	1
piao	表	6
piao-cʽih	滮出	1
piao-cʽih-læ-de	表出來了	1
piao-deo	標頭	1
piao-ming	表明	9
piao-ts	婊子	6
piao-ts-go	婊子個	1
piao-yiang	表揚	1
pih	必	99
pih	逼	3
pih	筆	2
pih	壁	1
pih	𤎨	1
pih-cʽih-læ	逼出來	1
pih-ding	必定	104
pih-dzih	筆直	4
pih-iao	必要	5
pih-jün	必然	1
pih-kyʽiao-leh	必巧勒	1
pih-leh	𤎨勒	1
pih-loh-go	碧綠個	1
pih-long-læ	逼攏來	1
pih-nyüoh	碧玉	4
pih-næn	逼難	35
pih-næn-go	逼難個	7
pih-sæ-da	必賽大	1
pih-tsih	筆跡	1
pih-tʽu-da	畢土大	1
pih-yiu	必有	1
pih-zing-tsʽing	壁淨清	1
pih-ʽæ	逼害	2
pin	變	17
pin	邊	4
pin	編	2
pin-cʽih	編出	3
pin-cʽih	變出	2
pin-cʽih-go	編出個	1
pin-di	遍地	3
pin-di-go	遍地個	1
pin-hwô	變化	2
pin-hwô-go	變化個	1
pin-leh	變勒	9
pin-leh	變了	6
pin-ts	鞭子	10
pin-tso	變做	1
pin-tʽin-ʽô	遍天下	2
pin-tʽin-ʽô-go	遍天下個	3
pin-wun	變換	1
pin-wæn	變壞	1
pin-wæn	變環	1
pin-yih	變易	2
pin-yin	邊沿	35
pin-yin-go	邊沿個	1
ping	兵	34
ping	餅	30
ping-mô	兵馬	2
ping-tsiang	兵將	6
ping-tsʽia	並且	230
ping-tʽeng	併吞	1
po-gyiu	波求	1
po-li	玻璃	5
po-long	簸攏	1
po-lông	波浪	1
po-z	波士	4
poh	剝	1
poh	駁	1
poh-diao	剝掉	3
poh-lao	博老	6
poh-leh-kyʽi	剝勒去	1
poh-pin	北邊	2
poh-tao	駁倒	3
pu	布	10
pu	補	9
pu-din	布田	1
pu-djông	補償	1
pu-sæn	布衫	2
pu-tih	補的	1
pu-tih-go	補的個	2
pu-tsoh	補足	6
pu-tsoh-go	補足個	1
pun	半	3
pun	搬	1
pun-cü	搬嘴	5
pun-du-r-fi	半途而廢	1
pun-ko	搬過	2
pun-lu-li	半路裏	1
pun-nyi-gyi	半尼其	1
pun-nyin	半年	1
pun-si-pun-weh	半死半活	1
pun-teo-z-fi	搬鬥是非	1
pun-tin-cong	半點鐘	1
pun-tʽin-li	半天裏	1
pun-yia-ko	半夜過	6
pæn	板	1
pæn-kyiu	斑鳩	1
pæn-lôh-læ	頒落來	1
pæn-mô-sôh	𢲔馬索	1
pæn-poh	扳駁	10
pæn-poh-go	扳駁個	1
pæn-pô	瘢疤	1
pæn-su	板數	2
pæn-tih	𢲔跌	19
pæn-tih-go	𢲔跌個	6
pæn-ts	板子	2
pæn-tsʽ	班次	7
pæn-vông-li	班房裏	1
pô	把	438
pô-công	巴掌	4
pô-feh-neng-keo	巴弗能夠	9
pô-iah-nô	巴約拿	1
pô-kyih	巴結	1
pô-lah-kyüô	巴拉迦	1
pô-lah-pô	巴拉巴	12
pô-leh	巴勒	1
pô-lih	巴力	2
pô-læn	巴蘭	3
pô-læn-go	巴蘭個	1
pô-mi-nô	巴米拿	1
pô-nô-pô	巴拿巴	28
pô-nô-pô-go	巴拿巴個	1
pô-oh	把握	1
pô-pi-leng	巴比倫	12
pô-sah-pô	巴撒巴	2
pô-shü	把勢	1
pô-siu	把守	3
pô-siu-go	把守個	2
pô-tang-pô	把打把	1
pô-ti-mæ	巴底買	1
pô-to-lo-mæ	巴多羅買	4
pô-tsiang	把賬	10
pô-tsiang-go	把賬個	1
pô-yiæ-su	巴耶穌	1
pông	綁	1
pông-dzu	幫助	27
pông-hwe	謗毀	35
pông-hwe-go	謗毀個	1
pông-pông	幫幫	1
pông-siu	幫手	17
pông-tsʽeng-kyi	幫襯記	1
pông-yiang	榜樣	16
pʽa	派	1
pʽa-læ	派來	1
pʽah	𤖼	3
pʽah-kyʽüoh	𤖼喫	1
pʽah-kʽæ	𤖼開	10
pʽah-kʽæ-go	𤖼開個	2
pʽah-leh	𤖼勒	1
pʽah-tsing	拍進	2
pʽah-tæn-kʽæ	𤖼帶開	3
pʽao	拋	6
pʽao-kæn	拋間	1
pʽe	配	1
pʽe-bæn	配辦	1
pʽe-kwô	披掛	1
pʽe-long-go	配攏個	2
pʽe-long-tih	配攏的	1
pʽe-tah	配搭	3
pʽe-ts	坯子	2
pʽeng-cʽih	噴出	2
pʽeng-cʽih-go	噴出個	1
pʽeng-hyiang-de	噴香了	1
pʽeng-hyiang-go	噴香個	2
pʽi	披	1
pʽi-bing	批評	46
pʽi-bing-kyi	批評記	1
pʽi-bing-siang	批評相	1
pʽi-jü	譬如	1
pʽi-leh	披勒	3
pʽi-ts	披仔	1
pʽiao-bah	漂白	3
pʽiao-dong	飄動	3
pʽiao-ts	票子	2
pʽih-diao	撇掉	1
pʽin	騙	9
pʽin-dæ	偏待	3
pʽin-kyʽüoh	偏曲	4
pʽin-kyʽüoh-sing	偏曲心	2
pʽin-zeh	騙賊	1
pʽing-ding	聘定	1
pʽing-ho-kyi	拼夥計	1
pʽing-ho-kyi-go	拼夥計個	1
pʽing-ming	拼命	3
pʽing-ʽang	品行	1
pʽo-ba	破敗	2
pʽo-diao	破掉	2
pʽo-dzæn	破綻	2
pʽo-fi	破費	2
pʽo-kʽæ	破開	1
pʽo-shoh-go	破朔個	1
pʽoh-mih	撲滅	3
pʽoh-s	魄屍	1
pʽoh-tao	撲倒	11
pʽong-djôh	碰着	52
pʽong-djôh-de	碰着了	1
pʽong-djôh-go	碰着個	6
pʽong-djôh-ts	碰着仔	2
pʽong-feh-djôh	碰弗着	3
pʽong-kyin	碰見	3
pʽong-kyin-ko	碰見過	2
pʽu	鋪	5
pʽu-dzih	鋪直	5
pʽu-kæ	鋪蓋	6
pʽu-pæn	鋪板	10
pʽu-pæn-li	鋪板裏	1
pʽu-tʽin-di-ʽô	普天地下	1
pʽu-wô-zah	鋪華石	1
pʽun-si-ming-go	拚死命個	1
pʽun-tön	判斷	64
pʽun-tön-de	判斷了	3
pʽun-tön-go	判斷個	6
pʽun-tön-kwun	判斷官	2
pʽæn-dæn	攀談	2
pʽô	怕	65
pʽô-da-lah	帕大喇	1
pʽô-de	怕了	3
pʽô-di-üô	帕提亞	1
pʽô-feh	帕弗	2
pʽô-go	怕個	1
pʽô-gyü	怕懼	39
pʽô-gyü-go	怕懼個	4
pʽô-kyʽi-læ	怕起來	4
pʽô-kyʽi-læ-de	怕起來了	10
pʽô-pʽô	怕怕	1
r	珥	1
r-go	珥個	1
r-pô-nu	耳巴奴	1
s	賜	26
s	駛	16
s	四	6
s	詩	6
s	使	3
s	試	2
s	施	1
s-cong-jü-ih	始終如一	1
s-cʽih	試出	1
s-cʽih-ko	試出過	1
s-cʽih-liao	試出了	1
s-cʽih-liao-go	試出了個	4
s-deh-lön-kyʽün	四凸亂圈	9
s-deh-lön-kyʽün-go	四凸亂圈個	1
s-du	使徒	94
s-du-go	使徒個	8
s-fah	試法	2
s-feh-teh	使弗得	2
s-feh-teh-go	使弗得個	5
s-fông	四方	2
s-fông-go	四方個	1
s-go	四個	17
s-hyiang	四鄉	1
s-jih	四十	14
s-jih-nyi-ko	四十二個	2
s-jih-s	四十四	2
s-jih-to	四十多	3
s-kang	四更	2
s-ko	駛過	4
s-ko	四個	1
s-ko	試過	1
s-ko-leh	駛過勒	1
s-kweh	屍骨	2
s-kwu	四股	1
s-kwu-teh-ih	四股得一	1
s-kôh	四角	1
s-leh	駛勒	1
s-lin	試煉	3
s-lin-go	試煉個	5
s-lôh	賜落	19
s-lôh-go	賜落個	1
s-lôh-læ	賜落來	5
s-lôh-læ-go	賜落來個	2
s-meng	四門	1
s-min	四面	1
s-ng-kyü	四五句	1
s-nyiæn	思念	2
s-nyü	使女	1
s-nyüoh-s	司獄司	6
s-pah	四百	4
s-peh	賜撥	194
s-s	試試	33
s-s-go	試試個	3
s-s-ko	試試過	1
s-s-kʽen	試試看	1
s-sin	絲線	1
s-sing	私心	1
s-siu	屍首	33
s-sæn	四散	1
s-teh	使得	512
s-ts	獅子	5
s-ts-go	獅子個	4
s-tsah	四隻	2
s-tsah-kyiah-go	四隻腳個	2
s-tsing	駛進	1
s-tsu	始祖	5
s-tsʽa	使差	13
s-tsʽeng	思忖	5
s-tsʽin	四千	7
s-tsʽô-lu-kʽeo	四岔路口	2
s-vu	師父	15
s-vu-go	師父個	1
s-wun	試完	1
s-yüoh	私慾	3
s-yüôh	私慾	39
s-yüôh-go	私慾個	1
s-ʽô	私下	40
sa-dziang-li-go	曬場裏個	2
sa-pih	曬癟	2
sah	殺	36
sah	煞	1
sah-ba-leh	殺敗了	1
sah-bah-da-nyi	撒白大尼	2
sah-diao	殺掉	33
sah-diao-de	殺掉了	2
sah-diao-go	殺掉個	2
sah-dih	撒狄	3
sah-doh	撒鐸	2
sah-dæn	撒但	31
sah-dæn-go	撒但個	6
sah-fi-lah	撒非喇	1
sah-go	殺個	2
sah-hao	殺好	1
sah-kao	煞覺	1
sah-ko-liao	殺過了	1
sah-ko-liao-go	殺過了個	1
sah-kyiah-go	煞腳個	1
sah-kyüô-li-üô	撒迦利亞	11
sah-kyüô-li-üô-go	撒迦利亞個	2
sah-kæ	撒該	4
sah-kʽeo	煞扣	5
sah-lah	撒拉	6
sah-lah-go	撒拉個	1
sah-lah-mi	撒拉米	1
sah-lah-tʽih	撒拉鐵	4
sah-leh	殺勒	3
sah-leh-da	撒勒大	1
sah-leng	撒冷	3
sah-leng-go	撒冷個	1
sah-lo-mi	撒羅米	2
sah-loh	撒鹿	2
sah-loh	殺戮	2
sah-læ-sah-kyʽi	殺來殺去	1
sah-meng	撒門	4
sah-meo-r	撒母耳	3
sah-mo	撒摩	1
sah-mo-nyi	撒摩尼	1
sah-mô-deh-lah	撒馬特喇	1
sah-mô-li-üô	撒瑪利亞	21
sah-mô-li-üô-go	撒瑪利亞個	1
sah-nying-go	殺人個	6
sah-sah	殺殺	2
sah-sang	殺牲	1
sah-ts	殺仔	1
sah-tʽu-kæ	撒土該	14
sang	生	116
sang	省	5
sang-be-go	生佩個	1
sang-bing	生病	4
sang-bing-go	生病個	6
sang-bing-kæn	生病間	2
sang-cʽih	生出	33
sang-cʽih-de	生出了	1
sang-cʽih-go	生出個	6
sang-cʽih-læ	生出來	18
sang-cʽih-læ-go	生出來個	3
sang-cʽih-tong	生出東	1
sang-de	生了	1
sang-deo	生頭	2
sang-dzing	生成	4
sang-dzing	省城	1
sang-dzing-go	生成個	2
sang-go	生個	15
sang-i	生意	5
sang-i-kying	生意經	1
sang-ko	生過	1
sang-kyʽi	生氣	4
sang-kæn	生間	1
sang-kʽeo	牲口	11
sang-leh	生勒	7
sang-lih	省力	3
sang-lôh	生落	1
sang-m	生姆	3
sang-nyih	生日	2
sang-tsʽæn	生產	1
sang-weh	生活	21
sang-yiang	生養	2
sao	掃	2
sao	燥	2
sao-de	燥了	1
sao-di	燥地	1
sao-diao	燥掉	1
sao-lo	掃羅	29
sao-sao	掃掃	1
sao-we	稍爲	1
se	雖	2
se-din	稅鈿	3
se-jün	雖然	5
se-tsih	雖即	53
se-tsing	水晶	2
se-z	雖是	1
seh	塞	3
seh	色	1
seh-djü	塞住	4
seh-ling	率領	1
seh-mun-liao-go	塞滿了個	1
seng-kyʽi	生氣	1
seng-sah-ts-gyün	生殺之權	1
seng-seng	參孫	1
seng-sông	損傷	2
seng-ts	孫子	2
seng-tsʽæn	生產	1
seng-tsʽæn-go	生產個	2
seng-tʽeo-ts	滲透仔	3
seng-veh	生物	20
shih	雪	3
shih	設	2
shih-bah	雪白	2
shih-bah-go	雪白個	5
shih-cʽih	說出	1
shih-cʽih-go	刷出個	1
shih-diao	失掉	16
shih-diao-de	失掉了	2
shih-diao-kæn-go	失掉間個	4
shih-go	設個	1
shih-hwông	說謊	12
shih-hwông-go	說謊個	4
shih-kwah-liang	雪刮亮	1
shih-kwah-liang-go	雪刮亮個	3
shih-lih	設立	40
shih-lih-go	設立個	19
shih-lih-tong	設立東	2
shih-lôh	失落	1
shih-seh	失色	1
shih-weng-lin-kyʽi	失魂憐氣	1
shih-wô	說話	525
shih-wô-go	說話個	3
shing-dzing	徇情	1
shing-go	郇個	2
shing-sæn	郇山	3
shing-sæn-zông	郇山上	2
shoh-pah	叔伯	2
shæ-wô	奢華	8
shæ-wô-go	奢華個	1
shông-be	雙倍	1
shông-ngæn	雙眼	2
shông-sang	雙生	1
shông-sing-go	雙身個	1
shông-tʽao	雙套	1
shü	水	74
shü	書	37
shü	歲	9
shü-dao	勢道	7
shü-dao	世道	2
shü-dong	水桶	1
shü-dong-li	水桶裏	1
shü-dzing	世情	2
shü-dzoh-go	世俗個	7
shü-dæ	世代	26
shü-go	水個	8
shü-hao-liao	數好了	2
shü-ka	世界	3
shü-kæn-zông	世間上	139
shü-kæn-zông-go	世間上個	32
shü-kông	水缸	1
shü-li	書裏	54
shü-li	水裏	4
shü-li-go	書裏個	1
shü-li-go	水裏個	1
shü-lu	水路	1
shü-nyün	水源	5
shü-nyün-li	水源裏	2
shü-shü	世世	2
shü-shü-dæ-dæ	世世代代	17
shü-shü-dæ-dæ-go	世世代代個	1
shü-sing	書信	5
shü-sing-go	書信個	1
shü-sing-li	書信裏	2
shü-siu	水手	3
shü-vi	勢微	2
shü-vông-li	書房裏	1
shü-zih	書籍	1
si	死	144
si	細	10
si	嘶	2
si-de	死了	55
si-diao	死掉	1
si-fah	死法	6
si-go	死個	51
si-gyi	死期	1
si-ko	死過	2
si-ko-de	死過了	1
si-ko-liao	死過了	3
si-kong-tu	西公都	1
si-kyʽi-læ	嘶起來	1
si-kæn-de	死間了	1
si-lah	西拉	16
si-lah-go	西拉個	1
si-li	洗禮	90
si-liao	死了	2
si-liu-kyi	西流基	1
si-lo-üô	西羅亞	4
si-lu	死路	3
si-me	西美	2
si-meng	西門	69
si-meng-go	西門個	10
si-min	西面	6
si-min	西緬	2
si-neh	西納	1
si-nen	西南	1
si-nying	死人	85
si-nying-go	死人個	4
si-næ	西乃	4
si-pi-tʽa	西庇太	6
si-pi-tʽa-go	西庇太個	6
si-pin	西邊	4
si-poh	西北	1
si-pu-leng	西布倫	3
si-pun-pin	西半邊	1
si-pô-z-toh	西巴士督	3
si-teng	西頓	9
si-teng-go	西頓個	3
si-ts	死仔	20
si-ts-cong-go	死之中個	1
si-ts-tsæ-weh	死仔再活	1
si-ts-tsæ-weh-go	死仔再活個	1
si-ze	死罪	23
si-ʽeo	死後	3
sia	寫	104
sia-cʽih	寫出	1
sia-cʽih-læ	寫出來	2
sia-diao	卸掉	1
sia-fah	寫法	1
sia-go	寫個	2
sia-lôh	寫落	12
sia-lôh-go	寫落個	1
sia-lôh-tih	寫落的	4
sia-peh	寫撥	1
sia-sing	寫信	1
sia-tih	寫的	80
sia-tih-de	寫的了	1
sia-tih-go	寫的個	14
sia-zæ	卸載	1
siah-lôh	削落	5
siang	想	59
siang	相	6
siang-bih	相別	1
siang-deo	想頭	5
siang-dong	相同	2
siang-dong-go	相同個	3
siang-dæ	相待	1
siang-feh-tao-go	想弗到個	2
siang-gying	相近	13
siang-gying-de	相近了	3
siang-gying-go	相近個	6
siang-joh-go	相熟個	1
siang-ken	相干	11
siang-kyin	相見	1
siang-kyʽün	相勸	3
siang-kʽeng	相懇	2
siang-liang	商量	22
siang-liang-hao	商量好	3
siang-liang-ko	商量過	1
siang-liang-ts	商量仔	1
siang-mao	相貌	44
siang-nyi	相宜	1
siang-nyi-go	相宜個	6
siang-pông	相幫	1
siang-pʽe	相配	2
siang-siang	想想	1
siang-sing	相信	422
siang-sing-de	相信了	13
siang-sing-feh-læ	相信弗來	1
siang-sing-go	相信個	136
siang-tang	相打	1
siang-tao	想到	1
siang-te-go	相對個	1
siang-teo	相鬥	2
siang-tsang	相爭	2
siang-tsʽing	相請	2
siang-tsʽing	想請	1
siang-tông	相當	1
siang-tʽong	相通	4
siang-tʽong-go	相通個	1
siang-væn	相煩	3
siang-vông	想望	77
siang-vông-go	想望個	11
siang-ziang	相像	2
siang-ziang-go	相像個	2
siang-æ	相愛	19
siang-æ-go	相愛個	2
siang-ʽeh	相合	1
siang-ʽo	相和	4
siang-ʽo-de	相和了	2
siang-ʽæ	相害	1
siao	小	44
siao	少	5
siao	燒	2
siao	笑	1
siao-diao	燒掉	4
siao-go	小個	11
siao-hwô	燒化	1
siao-hwô-go	燒化個	2
siao-jün	小船	2
siao-jün-li	小船裏	1
siao-kyi	小雞	2
siao-kyün	小卷	3
siao-li	小驢	5
siao-long-kyʽi	小攏去	1
siao-mah	小麥	1
siao-mih-de	消滅了	2
siao-ngeo	小牛	6
siao-ngeo-go	小牛個	1
siao-nyin	少年	4
siao-nyin-nying	少年人	1
siao-nying	小人	50
siao-nying-go	小人個	6
siao-siao	小小	8
siao-siao-go	小小個	2
siao-siao-sing-sing	小小心心	1
siao-sing	小心	7
siao-tin	小點	1
siao-tin-go	小點個	1
siao-tsiu	燒酒	1
siao-tʽông	燒湯	1
siao-w̆æn	小娃	6
siao-yiang	小羊	28
siao-yiang-go	小羊個	11
siao-yiao	燒窯	1
siao-yiao-go	燒窯個	2
sih	息	1
sih-de	息了	2
sih-doh	褻瀆	18
sih-doh-go	褻瀆個	14
sih-fông	釋放	17
sih-fông-de	釋放了	1
sih-fông-go	釋放個	4
sih-fông-liao	釋放了	1
sih-fông-liao-go	釋放了個	2
sih-kyʽi	溼氣	1
sih-shü	式勢	2
sih-shü-sing-go	識水性個	1
sih-teh	識得	52
sih-teh-go	識得個	4
sih-ts	識之	1
sih-z-go	識字個	1
sin	先	86
sin	閃	1
sin-cü	先知	55
sin-cü-go	先知個	5
sin-cü-nying	先知人	122
sin-cü-nying-go	先知人個	26
sin-din	閃電	8
sin-fong	先鋒	1
sin-go	閃個	1
sin-gyin-kyʽi-læ	鮮健起來	1
sin-jü	先如	14
sin-kyin-ts-ming	先見之明	1
sin-sang	先生	94
sin-sang-go	先生個	1
sin-soh-de	鮮索了	1
sing	心	265
sing	信	54
sing	新	31
sing	星	11
sing	深	8
sing	申	6
sing	升	4
sing	審	4
sing	身	1
sing-ao-go	深奧個	1
sing-cong	心中	1
sing-cün-læ	醒轉來	1
sing-cʽih	伸出	4
sing-cʽih-læ	伸出來	8
sing-deo-tao	醒頭到	2
sing-deo-tao	伸頭到	1
sing-din	聖殿	39
sing-din-go	聖殿個	5
sing-din-li	聖殿裏	54
sing-din-li-go	聖殿裏個	7
sing-din-nga-go	聖殿外個	1
sing-du	聖徒	47
sing-du-go	聖徒個	19
sing-dziang	心腸	23
sing-dzing	性情	7
sing-dzing	聖城	2
sing-dzing-li	聖城裏	2
sing-go	新個	3
sing-go	星個	1
sing-hyiang	聲響	79
sing-i	心意	4
sing-iah	信約	1
sing-iah	新約	1
sing-iah-go	新約個	3
sing-ing	聲音	48
sing-jih	信實	4
sing-jih-go	信實個	8
sing-jün	聖善	60
sing-jün-go	聖善個	20
sing-kah	性格	1
sing-kao-kyʽi-ngao	心高氣傲	2
sing-ko-de	審過了	1
sing-kwô-liang-dziang	心掛兩腸	2
sing-kwʽu	辛苦	3
sing-kyih	審結	1
sing-kyin-go	新建個	1
sing-kying	紳衿	1
sing-kʽæ	伸開	1
sing-kʽæ	新開	1
sing-li	心裏	139
sing-li	信裏	1
sing-li-go	心裏個	11
sing-li-go	信裏個	1
sing-ling	聖靈	194
sing-ling-go	聖靈個	24
sing-læ-sing-vu	新來新婦	1
sing-lông	新郎	14
sing-lông-go	新郎個	2
sing-meng	審問	1
sing-meng-ts	審問仔	1
sing-ming	性命	64
sing-mông-feh-ding	心網弗定	1
sing-nying-go	聖人個	1
sing-nyün	心願	4
sing-pin	身邊	22
sing-pʽun	審判	34
sing-pʽun-go	審判個	6
sing-s	聖詩	6
sing-s-li	聖詩裏	2
sing-shü	聖書	46
sing-shü-go	聖書個	2
sing-shü-li	聖書裏	17
sing-shü-li-go	聖書裏個	1
sing-siang	心想	58
sing-sih	信息	19
sing-sin	新鮮	3
sing-sing	深深	3
sing-siu	星宿	10
sing-siu-go	星宿個	1
sing-soh	星宿	4
sing-teh	信德	3
sing-teh-go	信德個	1
sing-tin	深點	1
sing-tsiu	新酒	1
sing-tsʽin	深淺	1
sing-tæn-cʽih-læ	伸帶出來	3
sing-tʽi	身體	6
sing-tʽi-go	身體個	2
sing-vu	新婦	10
sing-vu-go	新婦個	1
sing-væn-tsi-tsao	心煩嚌糟	3
sing-yüing	身孕	6
sing-z	心事	7
sing-zao	新造	1
sing-zông	身上	66
sing-zông	升上	17
sing-zông-go	身上個	2
sing-zông-go	升上個	1
sing-zông-kyʽi	升上去	1
sing-ün	伸冤	9
sing-ün	申冤	1
sing-ün-de	伸冤了	1
sing-ʽang	信行	1
siu	手	129
siu	守	18
siu	收	12
siu-din	修殿	1
siu-djü	守住	26
siu-dzing	收成	2
siu-dön	手段	1
siu-jih	收拾	12
siu-jih-ko	收拾過	1
siu-jih-long	收拾攏	10
siu-keh	收割	18
siu-keh-de	收割了	1
siu-keh-go	收割個	12
siu-kwang	手梗	3
siu-kyi	守己	1
siu-kying	手巾	5
siu-kying-li	手巾裏	1
siu-kyü	收歸	1
siu-kyʽi	收去	1
siu-kæn	守間	2
siu-lah-tsing-tih	守攔進的	1
siu-leh	收了	2
siu-leh-djü	收勒住	1
siu-leh-kyʽi	收勒去	9
siu-leh-lao	收勒牢	2
siu-leh-lao	守勒牢	1
siu-li	手裏	64
siu-li-go	手裏個	2
siu-liu	收留	25
siu-liu-go	收留個	1
siu-lo	收羅	1
siu-long	收攏	3
siu-nyi	手藝	1
siu-pʽao	手帕	5
siu-shü	手勢	2
siu-soh	收束	1
siu-tin	收點	1
siu-tong	守東	1
siu-tsing	收進	7
siu-tsing-go	收進個	1
siu-voh	收服	2
siu-yüong-kô-sang	手用家生	1
siu-zin-liang	收錢糧	19
siu-zin-liang-go	收錢糧個	5
siu-zông	收上	3
siu-zông-ts	收上仔	1
siu-ʽô	手下	9
siu-ʽô-go	手下個	1
siu-ʽô-nying	手下人	2
so-djü	鎖住	7
so-djü-go	鎖住個	1
so-djü-kæn-go	鎖住間個	1
so-djü-tong	鎖住東	1
so-hao-de	鎖好了	1
so-leh	鎖勒	2
so-tong-go	鎖東個	1
so-ts	鎖仔	1
soh	啥	55
soh-go	啥個	238
soh-ken	啥幹	1
soh-ko	宿過	1
soh-si	啥西	52
soh-soh	速速	12
soh-tsih	速即	2
soh-tsô	索詐	3
soh-yia	宿夜	2
song	送	41
song-diao	送掉	2
song-kyʽi	送去	4
song-læ	送來	2
song-læ-song-kyʽi	送來送去	1
song-zæ	送載	1
song-zông	送上	1
song-zông-læ	送上來	1
su	數	1
su	穌	1
su-djông	素常	29
su-feh-pin	數弗遍	1
su-feh-pin-go	數弗遍個	1
su-kʽæ	疏開	2
su-moh	數目	18
su-r-ti	蘇耳底	1
su-sah-nô	蘇撒拿	1
su-sing	甦醒	4
su-sing-cün-læ	甦醒轉來	3
su-sæn-kʽæ	疏散開	1
su-yün	疏遠	1
su-ün	訴冤	2
sæ	賽	2
sæ-ba	衰敗	1
sæ-ba-lôh-kyʽi	衰敗落去	1
sæ-lôh-kyʽi	衰落去	1
sæn	山	44
sæn	三	41
sæn-diao	散掉	2
sæn-dong	山洞	1
sæn-go	三個	17
sæn-go	山個	1
sæn-gyüih	三橛	1
sæn-jih	三十	7
sæn-jih-kwʽe	三十塊	2
sæn-jih-kʽwe	三十塊	1
sæn-jih-liang	三十兩	1
sæn-jih-to	三十多	1
sæn-kang	三更	1
sæn-ko	三個	6
sæn-kwang	三梗	1
sæn-kwu-teh-ih	三股得一	2
sæn-kwu-ts-ih	三股之一	10
sæn-kwun	三館	1
sæn-kʽæ	散開	16
sæn-kʽæ-de	散開了	2
sæn-kʽæ-kæn	散開間	2
sæn-kʽæ-kæn-go	散開間個	2
sæn-kʽæ-leh	散開了	1
sæn-kʽæ-ts	散開仔	1
sæn-leh	省勒	45
sæn-li	山裏	15
sæn-li-go	山裏個	1
sæn-ling	山嶺	3
sæn-ngæn	山巖	4
sæn-ngæn-li	山巖裏	1
sæn-pæn	舢板	2
sæn-pæn-go	舢板個	1
sæn-sing	三升	1
sæn-teng	山頂	7
sæn-teo	三斗	2
sæn-ting	三頂	3
sæn-tsao	三遭	12
sæn-tsʽin	三千	2
sæn-yiang	山羊	3
sæn-yiang	三樣	2
sæn-zeng-leo	三層樓	1
sæn-zông	山上	2
sô	所	912
sô	赦	2
sô	沙	1
sô-cʽih	捨出	15
sô-cʽih	所出	1
sô-cʽih-go	捨出個	3
sô-di-nyi	所提尼	2
sô-diao	赦掉	27
sô-diao-de	赦掉了	11
sô-du	沙塗	1
sô-feh-diao	赦弗掉	1
sô-feh-diao-go	赦弗掉個	3
sô-lo-meng	所羅門	9
sô-lo-meng-go	所羅門個	3
sô-lo-pô-pah	所羅巴伯	4
sô-min	赦免	1
sô-nyi	沙泥	3
sô-nyi-zông	沙泥上	1
sô-pin	舍邊	2
sô-pô-teh	所巴德	1
sô-si-pô-teh	所西巴德	1
sô-to-mô	所多瑪	9
sô-to-mô-go	所多瑪個	1
sô-tʽæn-li	沙灘裏	1
sô-we	赦回	1
sô-wô	所話	1
sô-yi	所以	161
sô-ze-go	赦罪個	6
sôh-tsô	索詐	3
sôh-tsô-go	索詐個	1
sông	傷	8
sông	賞	5
sông	喪	1
sông-bun-zah	磉盤石	1
sông-diao	喪掉	14
sông-jün-vah-ôh	賞善罰惡	1
sông-leh	傷勒	1
sông-ming	喪命	1
sông-mun	賞滿	3
sông-s	賞賜	5
sông-seng-liao-go	傷損了個	1
sông-sing	傷心	6
sông-sing-go	傷心個	1
sông-sing-siang	傷心相	2
sông-z	喪事	2
sông-ʽeng	傷痕	3
sông-ʽæ	傷害	10
sön	算	174
sön-fah	算法	1
sön-feh-teh	算弗得	8
sön-su	算數	8
sön-tsiang	算賬	1
sön-tsing	算進	5
sön-tsiu	酸酒	4
ta	帶	69
ta	戴	13
ta-cʽih-kyʽi	帶出去	2
ta-cʽih-tong	帶出東	1
ta-diao	帶掉	20
ta-diao-de	帶掉了	1
ta-djôh	帶着	2
ta-go	帶個	1
ta-go	戴個	1
ta-kyʽi	帶去	4
ta-le	帶累	1
ta-leh	帶勒	48
ta-leh-kyʽi	帶勒去	5
ta-leh-kyʽi-de	帶勒去了	1
ta-leh-læ	帶勒來	2
ta-li	帶累	19
ta-ling	帶領	7
ta-læ	帶來	3
ta-lôh-læ	帶落來	1
ta-tao	帶到	1
ta-tao-de	帶到了	1
ta-tih	帶的	2
ta-tsing	帶進	3
ta-tsing-kyʽi	帶進去	1
ta-tsing-læ	帶進來	1
ta-zông	帶上	3
ta-zông	戴上	2
ta-zông-læ	帶上來	2
tah	搭	5
tah-go	搭個	1
tah-pæn	搭班	2
tah-tah	搭搭	1
tang	打	88
tang-ba	打敗	2
tang-cʽih	打出	1
tang-diao	打掉	1
tang-djôh	打着	1
tang-fah	打發	5
tang-feh-ying	打弗贏	1
tang-ho	打夥	5
tang-ing-go	打印個	1
tang-ing-ko-de	打印過了	1
tang-ing-liao	打印了	1
tang-ko-ts	打過仔	2
tang-leh	打勒	4
tang-leh	打了	1
tang-mo	打慕	2
tang-mo	打摹	1
tang-mo	打磨	1
tang-mo-joh	打磨熟	1
tang-pʽo	打破	1
tang-pʽo-de	打破了	1
tang-sah	打煞	2
tang-shü	打輸	1
tang-sông	打傷	7
tang-sön	打算	36
tang-sön-feh-cʽih	打算弗出	3
tang-sön-feh-læ	打算弗來	1
tang-sön-go	打算個	2
tang-tang-sông	打打傷	1
tang-tao	打倒	1
tang-tih	打的	2
tang-tsiang	打賬	29
tang-tsiang	打仗	14
tang-tsiang-go	打仗個	3
tang-tsʽia	打笡	2
tang-tʽe	打退	2
tang-tʽing	打聽	5
tang-tʽing-djôh	打聽着	1
tang-tʽong	打通	1
tang-ying	打贏	11
tang-ying-de	打贏了	1
tao	到	1000
tao	倒	65
tao	刀	21
tao	搗	5
tao-cʽü	到處	10
tao-de	到了	44
tao-diao	倒掉	5
tao-go	到個	1
tao-gyi	到其	1
tao-kao	禱告	126
tao-kao-go	禱告個	4
tao-kao-hao	禱告好	2
tao-kao-kyi	禱告記	1
tao-kao-ts	禱告仔	2
tao-kô	到家	2
tao-kʽeo	刀口	3
tao-kʽeo-li	刀口裏	2
tao-kʽôh-li	刀殼裏	2
tao-leh	到了	45
tao-leh	倒勒	3
tao-leh	到勒	2
tao-leh-me	倒了霉	1
tao-me	倒霉	6
tao-me-go	倒霉個	2
tao-meh	倒沒	1
tao-meh-de	倒沒了	3
tao-pong	倒崩	1
tao-tao	倒倒	1
tao-ti	到底	41
tao-tong-de	到東了	1
tao-tseo-cün	倒走轉	5
tao-tsʽiang	刀槍	2
tao-tʽah	倒塌	1
tao-tʽe	倒退	2
tao-tʽe-cʽih	倒退出	1
tao-tʽe-go	倒退個	1
tao-z	倒是	1
te	對	2
te	𠡒	1
te-cʽih	𠡒出	1
te-deo	對頭	18
te-deo-go	對頭個	4
te-dih	對敵	1
te-djôh	對着	4
te-go	對個	1
te-kʽeo	對口	2
te-leh	對勒	3
te-leh	𠡒勒	2
te-leh-djü-go	對勒住個	1
te-lih-kʽæ	𠡒裂開	3
te-min	對面	8
te-ngen	對岸	9
te-siu	對手	1
te-te	𠡒𠡒	2
te-tsiao	對照	1
te-tsing	對證	184
te-tsing-go	對證個	4
te-tsing-ko-de	對證過了	1
te-zông	堆上	1
te-ü	對於	1
teh	得	6
teh-cü	得知	43
teh-cü-de	得知了	6
teh-cü-go	得知個	2
teh-djôh	得着	291
teh-djôh-de	得着了	9
teh-djôh-go	得着個	9
teh-djôh-ko-de	得着過了	1
teh-djôh-ko-go	得着過個	1
teh-fah	得法	1
teh-feh-djôh	得弗着	3
teh-i	得意	5
teh-i-go	得意個	4
teh-ing-go	答應個	1
teh-kyiu	得救	14
teh-kyiu-go	得救個	9
teh-kyʽi	德氣	27
teh-kyʽi-go	德氣個	1
teh-li	得利	1
teh-li-go	得利個	1
teh-læ-go	得來個	1
teh-sing	得勝	12
teh-sing-go	得勝個	7
teh-tao-siu	得到手	1
teh-tiu	德丟	1
teh-ze	得罪	16
teh-ʽang	德行	1
teng	等	2660
teng	燈	2
teng	敦	1
teng	登	1
teng	頂	1
teng-dæ	等待	17
teng-dæ	燈臺	8
teng-dæ-zông	燈檯上	4
teng-gyi-kæn	等其間	1
teng-kyʽi	敦起	1
teng-leh	等了	1
teng-liang	燈亮	1
teng-long	燈籠	1
teng-meng-du	等門徒	1
teng-tao	等到	62
teng-tong	等東	2
teng-tsæn	燈盞	15
teng-tsæn-go	燈盞個	1
teng-z	登時	2
teng-ʽeo-kyi	等候記	1
teng-ʽeo-kæn	等候間	1
teo-deo	鬥頭	1
teo-dong	斗桶	1
teo-dong-ʽô	斗桶下	3
teo-fong	鬥風	1
teo-fong-go	鬥風個	2
teo-ko	鬥過	1
teo-leh	鬥勒	1
teo-li	兜裏	1
teo-tsing	兜進	1
teo-zông-læ	鬥上來	1
ti	低	8
ti	底	7
ti	抵	1
ti-dih	抵敵	16
ti-dih-go	抵敵個	1
ti-lôh	渧落	1
ti-mi-tiu	底米丟	2
ti-mi-tiu-go	底米丟個	1
ti-mæ-go	底買個	1
ti-mô	底馬	3
ti-sing-siao-i	低聲小意	7
ti-ts	底子	2
ti-tông	抵擋	2
ti-tông-feh-djü	抵擋弗住	1
ti-tông-leh-djü	抵擋勒住	1
ti-tʽu-mô	低土馬	3
ti-vi	低微	3
ti-vi-go	低微個	3
ti-wæn	抵還	2
ti-ʽô	底下	2
ti-ʽô-nying	底下人	2
tia-nyiang	爹孃	12
tia-tia	爹爹	3
tiao	鳥	12
tiao-go	鳥個	2
tiao-kʽeh-go	雕刻個	1
tiao-liang-dong	吊樑桶	1
tiao-lôh	吊落	3
tiao-lôh-læ	吊落來	1
tiao-ng-keo	釣魚鈎	1
tiao-sah-de	吊煞了	1
tiao-siu	鳥獸	1
tiao-zông-læ-go	釣上來個	1
tih-lôh	跌落	37
tih-lôh-go	跌落個	4
tih-lôh-læ	跌落來	4
tih-tao	跌倒	22
tih-tao	跌到	1
tih-tao-de	跌倒了	5
tih-tao-go	跌倒個	1
tih-wu	跌糊	2
tin	點	7
tin-bing	癲病	1
tin-cong	點鐘	26
tin-cʽü-cʽü	顛癡癡	1
tin-djoh	點着	1
tin-djôh	點着	5
tin-hao-tong	點好東	1
tin-hyiang	點向	1
tin-hyiang-go	點香個	1
tin-kæn	點間	1
tin-leh	點勒	1
tin-tang-tin	點打點	1
tin-tih	點的	1
tin-tin	點點	3
tin-ts	點仔	2
tin-u	玷污	1
tin-zông	殿上	1
ting	頂	107
ting	釘	38
ting	叮	1
ting-coh	叮囑	12
ting-coh-go	叮囑個	2
ting-côh	叮囑	12
ting-cü	釘子	2
ting-do	頂大	2
ting-hao	頂好	2
ting-kæn	釘間	2
ting-kæn-go	釘間個	2
ting-leh-kyʽi	頂勒去	1
ting-leh-kyʽi-go	頂勒去個	1
ting-sah	釘煞	9
ting-sah-de	釘煞了	3
ting-zông	釘上	2
tiu	丟	18
tiu-da	丟大	1
tiu-deh-fi	丟特腓	1
tiu-diao	丟掉	5
tiu-diao-go	丟掉個	1
tiu-diao-ts	丟掉仔	4
tiu-kyʽi	丟棄	2
tiu-leh	丟勒	11
tiu-leh-kyʽi-de	丟了去了	1
tiu-læ	丟來	1
tiu-læ-tiu-kyʽi	丟來丟去	1
tiu-lôh	丟落	11
tiu-lôh-kæn-go	丟落間個	1
tiu-nyi-siu	丟尼修	1
tiu-tih-go	丟的個	1
tiu-tin-tih	丟點的	2
tiu-tsing-tih-de	丟進的了	2
tiu-z	丟士	3
to	多	65
to-bi	躲避	10
to-de	多了	1
to-deo	多頭	6
to-go	多個	3
to-jü	多如	3
to-ko	躲過	1
to-kyi-lin	多基臉	1
to-kyüô	多加	2
to-kyʽi-læ	多起來	14
to-kyʽi-læ-de	多起來了	1
to-kông-to-wô	多講多話	1
to-li-mæ	多利買	1
to-mô	多馬	13
to-siao	多少	28
to-tseh	多則	1
to-zia	多謝	3
toh-fah-ts-deo	篤發之頭	1
toh-jih	篤實	7
toh-jih-go	篤實個	1
tong	東	6
tong	冬	5
tong	懂	4
tong-liang	棟樑	7
tong-peng-si-tseo	東奔西走	1
tong-pin	東邊	9
tong-si	東西	128
tong-si-go	東西個	4
tong-tʽin	冬天	3
tong-tʽin-li	冬天裏	1
ts	仔	2
ts	旨	2
ts	籽	2
ts	之	1
ts	紙	1
ts	紫	1
ts-bu-dao	紫葡萄	5
ts-deo	指頭	7
ts-deo-tsin	指頭尖	1
ts-djü	止住	2
ts-gyih	至極	1
ts-hwô	紫花	1
ts-hyiang	志向	2
ts-i	旨意	67
ts-jing	滋潤	1
ts-ka	址界	1
ts-meh-den	指末頭	7
ts-nen	之內	1
ts-nga	之外	24
ts-nying-dæ-kʽah	支人待客	1
ts-nyüoh	紫玉	1
ts-pʽa	支派	25
ts-pʽa-go	支派個	4
ts-seng	子孫	14
ts-si	仔細	10
ts-tin	指點	64
ts-tin-go	指點個	2
ts-tin-ko	指點過	1
ts-ts-dzing-dzing	致致誠誠	6
ts-ts-si-si	仔仔細細	1
ts-tʽi	肢體	16
ts-ying	指引	7
ts-zin	之前	8
ts-zông	之上	1
ts-ü	至於	4
ts-ʽeo	之後	39
ts-ʽong	紫紅	3
tsa	債	9
tsa-cü	債主	3
tsa-wu	債戶	1
tsah	扎	27
tsah	摘	4
tsah	隻	3
tsah-be	責備	12
tsah-go	扎個	2
tsah-hyüih-go	扎血個	1
tsah-kæn	扎間	2
tsah-kæn-go	扎間個	1
tsah-kʽæ	扎開	1
tsah-kʽæ-kyʽi	扎開去	3
tsah-leh	摘勒	2
tsah-læ	扎來	1
tsah-lôh-ts	扎落仔	1
tsah-su	隻數	1
tsah-tih	紮的	1
tsah-tih-go	扎的個	2
tsah-tsah	扎扎	2
tsah-tsah-ngang-ngang	扎扎硬硬	1
tsah-vah	責罰	28
tsah-vah-go	責罰個	1
tsang	爭	1
tsang-kyʽi-læ	爭起來	1
tsang-leng	爭論	11
tsang-teo	爭鬥	6
tsang-teo-go	爭鬥個	4
tsang-teo-lo-zao	爭鬥囉唕	1
tsang-zao	爭造	7
tsao	早	11
tsao	遭	1
tsao-djôh	遭着	25
tsao-djôh-go	遭着個	2
tsao-i	罩衣	1
tsao-jü-go	棗樹個	2
tsao-kyih	遭劫	1
tsao-leh	遭勒	2
tsao-næn	遭難	1
tsao-næn-go	遭難個	1
tsao-siao	嘲笑	4
tsao-siao-go	嘲笑個	1
tsao-su	遭數	2
tsao-tih-go	遭的個	1
tsao-tong	罩東	1
tsao-tsao	早早	1
tsao-tsing	罩進	1
tsao-tʽah	糟蹋	11
tsao-tʽah	遭蹋	2
tsao-tʽah-diao	糟蹋掉	1
tsao-yi	早已	5
tsao-zông	罩上	1
tse-djôh	追着	1
tse-gyiu	追求	7
tse-gyiu-go	追求個	1
tse-hen	醉漢	1
tse-kyiu	追究	1
tse-tse	醉醉	1
tse-zông-kyʽi	追上去	1
tseng-djong	尊重	9
tseng-djong-de	尊重了	3
tseng-djong-go	尊重個	5
tseng-jü	尊如	2
tseng-kwe	尊貴	5
tseng-kwông	增廣	1
tseng-kying	尊敬	8
tseng-kyʽi	尊起	21
tseng-kyʽi-de	尊起了	2
tseng-kyʽi-go	尊起個	10
tseng-kyʽi-liao	尊起了	3
tseng-kyʽi-liao-go	尊起了個	6
tseng-kô	尊駕	1
tseo	走	142
tseo-cün	走轉	7
tseo-cün-læ	走轉來	5
tseo-cʽih	走出	99
tseo-cʽih-de	走出了	9
tseo-cʽih-go	走出個	4
tseo-cʽih-kyʽi	走出去	17
tseo-cʽih-kyʽi-de	走出去了	2
tseo-cʽih-læ	走出來	38
tseo-cʽih-læ-de	走出來了	1
tseo-cʽih-læ-go	走出來個	2
tseo-cʽih-ts	走出仔	3
tseo-de	走了	2
tseo-feh-long	走弗攏	1
tseo-feh-tsing	走弗進	1
tseo-go	走個	10
tseo-ko	走過	33
tseo-ko-de	走過了	1
tseo-ko-go	走過個	3
tseo-ko-kyʽi	走過去	6
tseo-ko-ts	走過仔	1
tseo-kyi-ko	走記過	1
tseo-kyü	走歸	2
tseo-kyü-læ	走歸來	1
tseo-kyʽi	走去	4
tseo-kông-wu	走江湖	1
tseo-kʽæ	走開	2
tseo-kʽæ-kyʽi	走開去	1
tseo-leh	走勒	4
tseo-leh-kyʽi	走勒去	1
tseo-leh-kyʽi-de	走了去了	1
tseo-leh-læ	走勒來	1
tseo-long	走攏	30
tseo-long-go	走攏個	2
tseo-long-kyʽi	走攏去	13
tseo-long-læ	走攏來	34
tseo-long-læ-go	走攏來個	1
tseo-lu-go	走路個	2
tseo-læ	走來	49
tseo-læ-tseo-kyʽi	走來走去	13
tseo-læ-tseo-kyʽi-go	走來走去個	1
tseo-lôh	走落	28
tseo-lôh-kyʽi	走落去	1
tseo-lôh-læ	走落來	6
tseo-ming	奏明	1
tseo-pin	走遍	4
tseo-siu	走獸	2
tseo-siu-go	走獸個	1
tseo-sæn-de	走散了	1
tseo-tao	走到	10
tseo-tseo	走走	4
tseo-tsing	走進	178
tseo-tsing-go	走進個	7
tseo-tsing-kyʽi	走進去	33
tseo-tsing-kyʽi-go	走進去個	1
tseo-tsing-læ	走進來	14
tseo-tsʽo	走錯	1
tseo-veng	皺紋	1
tseo-wun	走完	2
tseo-zông	走上	22
tseo-zông-go	走上個	1
tseo-zông-kyʽi	走上去	1
tseo-zông-læ	走上來	3
tsi	𣥼	8
tsi	祭	5
tsi-dæn	祭壇	17
tsi-dæn-li	祭壇裏	1
tsi-dæn-zin	祭壇前	2
tsi-dæn-zông	祭壇上	1
tsi-dæn-zông-go	祭壇上個	2
tsi-dæn-ʽô	祭壇下	1
tsi-go	祭個	1
tsi-leh	𣥼勒	2
tsi-me	姊妹	26
tsi-me-go	姊妹個	1
tsi-mun	𣥼滿	5
tsi-mun-de	𣥼滿了	1
tsi-mun-liao-go	𣥼滿了個	3
tsi-mun-ts	𣥼滿仔	1
tsi-s	祭司	38
tsi-s-deo	祭司頭	113
tsi-s-deo-go	祭司頭個	15
tsi-s-go	祭司個	4
tsi-tih	𣥼的	1
tsi-tih-go	𣥼的個	3
tsi-ts	𣥼仔	4
tsi-tsi	祭祭	1
tsi-veh	祭物	51
tsi-z	祭祀	5
tsia	借	6
tsia	藉	4
tsia-ing	藉印	1
tsia-siu-pin	借手邊	10
tsia-tsah	借隻	2
tsiah-we	爵位	6
tsiang	將	20
tsiang	賬	6
tsiang	粻	1
tsiang-bong	帳篷	28
tsiang-bong-go	帳篷個	1
tsiang-bong-li	帳篷裏	1
tsiang-kyüing	將軍	3
tsiang-kyüing-go	將軍個	1
tsiang-lao	長老	59
tsiang-lao-go	長老個	2
tsiang-leh	張勒	1
tsiang-læ	將來	112
tsiang-læ-go	將來個	12
tsiang-læ-iao	將來要	1
tsiang-moh	賬目	2
tsiang-shü	漿水	1
tsiang-sih	將息	3
tsiang-teng	將等	1
tsiang-tong	張東	2
tsiang-ts	長子	3
tsiang-ts-go	長子個	2
tsiang-vông	賬房	4
tsiang-vông-go	賬房個	3
tsiao	照	239
tsiao	招	1
tsiao-djôh	照着	16
tsiao-djông	照常	1
tsiao-ing	照應	2
tsiao-jing	招認	56
tsiao-jing-go	招認個	1
tsiao-kwu	照顧	2
tsiao-kwun	照管	7
tsiao-kyin	照見	1
tsiao-mo	招募	1
tsiao-shü	詔書	3
tsiao-shü-go	詔書個	1
tsiao-shü-li	詔書裏	1
tsiao-su	照數	3
tsiao-tong	照東	2
tsiao-tsih	招接	5
tsiao-yiao	照耀	1
tsih	只	106
tsih	接	11
tsih	執	1
tsih	摺	1
tsih-công	執掌	14
tsih-cü	節制	4
tsih-cü-go	節制個	1
tsih-djôh	接着	20
tsih-djôh-go	接着個	1
tsih-djôh-ko-de	接着過了	1
tsih-djôh-ts	接着仔	1
tsih-dæ	接代	3
tsih-dæ	接待	3
tsih-dæ-go	接代個	6
tsih-hyüoh	積蓄	2
tsih-hyüoh-kæn	積蓄間	1
tsih-hyüoh-kæn-go	積蓄間個	1
tsih-ih	執一	1
tsih-joh-liao-go	炙熟了個	1
tsih-jü	積聚	4
tsih-jü-kæn	積聚間	1
tsih-kwu	只顧	1
tsih-kyü	只舉	1
tsih-kʽeng	節肯	22
tsih-kʽeng-go	節肯個	7
tsih-le	漬洡	5
tsih-leh	只勒	7
tsih-leh	接勒	2
tsih-long-kæn	摺攏間	1
tsih-s	即使	2
tsih-siao	只消	10
tsih-tsiao	質照	3
tsih-veng	職份	26
tsih-veng-go	職份個	1
tsih-we	只會	1
tsih-yiu	只有	136
tsih-z	只是	93
tsih-z	執事	1
tsih-ziu	接受	94
tsih-ziu-go	接受個	8
tsih-ziu-ko-go	接受過個	1
tsih-ziu-leh	接受了	2
tsih-ziu-leh	接受勒	1
tsih-zông	接上	4
tsin	佔	2
tsin	剪	2
tsin-diao	剪掉	2
tsin-djôh	佔着	1
tsin-dziang	戰場	1
tsin-pin	沾邊	1
tsin-shü	薦書	3
tsing	真	137
tsing	進	6
tsing	井	5
tsing	正	5
tsing	精	1
tsing	證	1
tsing-dao-li	真道理	2
tsing-deo	枕頭	1
tsing-dzih	正直	84
tsing-dzih-go	正直個	39
tsing-dzih-vu-s	正直無私	1
tsing-go	真個	21
tsing-go	正個	1
tsing-hao	正好	17
tsing-hao	整好	1
tsing-hao-ziang	正好像	2
tsing-ih	進益	4
tsing-jing	精神	5
tsing-jing	真神	1
tsing-kyiao	真教	1
tsing-kying	正經	5
tsing-kying-go	正經個	2
tsing-kyʽi	進去	7
tsing-kyʽi	進起	1
tsing-kyʽi-go	進去個	1
tsing-leh	進勒	1
tsing-li	真理	1
tsing-læ	進來	6
tsing-ngæn	針眼	3
tsing-nyih	整日	2
tsing-nyih	進業	1
tsing-sah-de	浸煞了	2
tsing-sing	真心	9
tsing-sing-go	真心個	2
tsing-teng	整頓	3
tsing-teng-go	整頓個	1
tsing-tsih	貞節	1
tsing-tsing	真真	31
tsing-tsing	真正	12
tsing-tsing-cʽih-cʽih	進進出出	2
tsing-wô	真話	9
tsing-yia	整夜	2
tsing-z-ka	正是介	1
tsing-ziang	正像	75
tsing-ʽeo	症候	3
tsiu	酒	37
tsiu	咒	4
tsiu-coh	周捉	2
tsiu-keh-li	周割禮	64
tsiu-keh-li-go	周割禮個	4
tsiu-ko	晝過	3
tsiu-mô	咒罵	11
tsiu-mô-go	咒罵個	6
tsiu-nyüoh	酒肉	1
tsiu-pe	酒杯	3
tsiu-tse	酒醉	1
tsiu-tse-wu-du	酒醉糊塗	3
tsiu-tsi	周濟	12
tsiu-tsô	酒榨	3
tsiu-tsô-den	酒榨窞	2
tsiu-tsô-li	酒榨裏	1
tsiu-væn	晝飯	1
tsiu-væn	酒飯	1
tsiu-yin	酒筵	3
tsiu-yin-go	酒筵個	1
tsiu-yin-zông	酒筵上	3
tso	做	1059
tso-coh	做桌	1
tso-cü	做主	7
tso-cʽih	做出	14
tso-cʽih-de	做出了	1
tso-cʽih-go	做出個	1
tso-cʽih-læ	做出來	3
tso-cʽih-læ-go	做出來個	7
tso-de	做隊	5
tso-de	做了	1
tso-de-go	做隊個	1
tso-diao	做掉	1
tso-dziang	做張	1
tso-dzing	做成	54
tso-dzing-de	做成了	1
tso-dzing-go	做成個	3
tso-dzing-kong	做成功	1
tso-dzæn	做賺	1
tso-dön	做團	1
tso-fah	做法	26
tso-feh-læ	做弗來	3
tso-feh-læ-de	做弗來了	1
tso-feh-tao	做弗到	1
tso-feh-tao-go	做弗到個	1
tso-go	做個	112
tso-gyi	做忌	7
tso-hao	做好	3
tso-hao-de	做好了	2
tso-ko	做過	13
tso-ko-de	做過了	1
tso-ko-go	做過個	8
tso-kong-go	做工個	2
tso-kæn	做間	1
tso-leh	做了	20
tso-leh	做勒	17
tso-leh-læ	做勒來	2
tso-læ	做來	1
tso-mun	做滿	1
tso-mông	做夢	1
tso-nying	做人	68
tso-nying-go	做人個	2
tso-sang	做生	1
tso-shih	做說	3
tso-soh-go	做啥個	1
tso-tao-go	做到個	1
tso-tso	做做	3
tso-tʽah	做𡍲	2
tso-yiang	做樣	20
tso-yiang-go	做樣個	1
tso-yiu	左右	1
tsoh	足	3
tsoh-de	足了	2
tsoh-dzih	足值	1
tsoh-lôh	摘落	1
tsoh-te-go	作對個	1
tsoh-tsoh-go	足足個	1
tsoh-tsoh-go-de	足足個了	1
tsoh-ôh-go	作惡個	1
tsong	總	99
tsong-iao	總要	1
tsong-kwun	總管	5
tsong-pah	宗伯	1
tsong-r-yin-ts	總而言之	7
tsong-tang-tsong	總打總	1
tsong-toh	總督	27
tsong-toh-go	總督個	3
tsong-we	總會	2
tsong-z	總是	1
tsu	租	2
tsu	阻	1
tsu-cʽih	租出	4
tsu-djü	阻住	17
tsu-djü-go	阻住個	1
tsu-kah	阻隔	5
tsu-kah-sing	阻隔心	1
tsu-leh-djü	阻勒住	1
tsu-tih-go	租的個	1
tsu-tsong	祖宗	65
tsu-tsong-deo	祖宗頭	1
tsu-tsong-go	祖宗個	10
tsæ	再	208
tsæ-læ-go	再來個	1
tsæ-næn	災難	13
tsæ-næn-go	災難個	3
tsæ-sæn	再三	5
tsæ-ve	再𣍐	35
tsæ-weh	再活	1
tsæ-weh-go	再活個	6
tsæ-wô	再話	18
tsæn	斬	11
tsæn	趲	2
tsæn-deo	斬頭	1
tsæn-diao-de	斬掉了	1
tsæn-dön	斬斷	1
tsæn-go	斬個	1
tsæn-ko	趲過	2
tsæn-ko-kyʽi	趲過去	1
tsæn-lôh	斬落	2
tsæn-me	讚美	38
tsæn-me-go	讚美個	2
tsæn-me-s	讚美詩	7
tsæn-sah	斬煞	1
tsæn-zi	斬齊	5
tsô	詐	1
tsô	遮	1
tsô-djü	遮住	6
tsô-djü-de	遮住了	2
tsô-en	遮暗	2
tsô-in	遮掩	1
tsô-ing	遮蔭	2
tsô-kyi	詐計	4
tsô-kæ	遮蓋	11
tsô-kæ-go	遮蓋個	1
tsô-sah	遮煞	4
tsô-tih	遮的	1
tsô-ts	遮仔	1
tsôh	作	9
tsôh	斫	1
tsôh-cʽih-læ	作出來	1
tsôh-deo	作頭	1
tsôh-diao	斫掉	3
tsôh-hying	作興	9
tsôh-hying-go	作興個	2
tsôh-kong-go	作工個	2
tsôh-leh	摘了	1
tsôh-leh	斫勒	1
tsôh-lôh	作樂	3
tsôh-lôh-ts	斫落仔	1
tsôh-lông	作浪	1
tsôh-lön	作亂	2
tsôh-sing	作聲	1
tsôh-tao	斫倒	3
tsôh-te	作對	4
tsôh-te-go	作對個	3
tsôh-tsʽao	作吵	1
tsôh-we	作爲	1
tsôh-yüong	作用	1
tsôh-yüôh	作樂	1
tsông	葬	6
tsông	裝	4
tsông-fah	葬法	1
tsông-go	葬個	2
tsông-hao	葬好	2
tsông-hao-ts	葬好仔	1
tsông-ko	葬過	2
tsông-kæn	葬間	1
tsông-leh	葬勒	1
tsông-lông	蟑螂	2
tsông-mun-de	裝滿了	1
tsông-pæn	妝扮	3
tsông-pæn	裝扮	2
tsông-sih	裝飾	12
tsông-sih-go	裝飾個	1
tsông-sih-hao-de	裝飾好了	1
tsông-sih-tong	裝飾東	1
tsông-tsih-hao-de	裝摺好了	1
tsông-tsông	裝裝	1
tsʽ	刺	13
tsʽ-bang	刺棚	12
tsʽ-bang-li	刺棚裏	1
tsʽ-hwu	刺虎	1
tsʽ-jü	次序	2
tsʽ-li	雌驢	2
tsʽ-ngeo-go	雌牛個	1
tsʽa	差	180
tsʽa-kyʽi	差去	2
tsʽa-kyʽi-go	差去個	3
tsʽa-læ	差來	6
tsʽa-læ-go	差來個	16
tsʽa-nying	差人	15
tsʽa-s	差使	21
tsʽa-yüoh	差役	2
tsʽah	拆	5
tsʽah	尺	1
tsʽah-diao	拆掉	6
tsʽah-diao-kæn-go	拆掉間個	1
tsʽah-diao-ts	拆掉仔	1
tsʽah-feh-diao-go	拆弗掉個	1
tsʽah-fông	察訪	1
tsʽah-hwe-go	拆毀個	1
tsʽah-kʽæ	拆開	5
tsʽah-ts	冊子	7
tsʽah-ts-li	冊子裏	6
tsʽah-tsʽeng	尺寸	1
tsʽang	撐	1
tsʽang-leh	撐勒	2
tsʽang-long	撐攏	1
tsʽang-tsing	撐進	1
tsʽang-tsing-kyʽi	撐進去	1
tsʽao	草	4
tsʽao	吵	2
tsʽao-dziu	操就	1
tsʽao-go	抄個	1
tsʽao-li	草裏	1
tsʽao-li-go	草裏個	2
tsʽao-lön	吵亂	11
tsʽao-mih	抄滅	3
tsʽao-mih-go	抄滅個	1
tsʽao-nao	吵鬧	1
tsʽao-ziao	吵擾	5
tsʽe	催	3
tsʽeh	撮	7
tsʽeh-djôh	撮着	1
tsʽeh-dôh-feh-tao	測度弗到	1
tsʽeh-dôh-feh-tao-go	測度弗到個	3
tsʽeh-ing-ts-sing	惻隱之心	1
tsʽeh-long	撮攏	1
tsʽeh-sah-go	撮煞個	3
tsʽeng	忖	30
tsʽeng-cʽih	忖出	1
tsʽeng-deo	忖頭	4
tsʽeng-ding-tông	忖停當	1
tsʽeng-djôh-ko	忖着過	1
tsʽeng-feh-cʽih	忖弗出	3
tsʽeng-feh-tao	忖弗到	3
tsʽeng-feh-tao-go	忖弗到個	2
tsʽeng-leh	忖勒	1
tsʽeng-læ	忖來	1
tsʽeng-shih	忖說	2
tsʽeng-tao	忖到	14
tsʽeng-tao-go	忖到個	1
tsʽeng-tsʽeng	忖忖	21
tsʽeng-tsʽeng-kʽen	忖忖看	4
tsʽeng-tông-go	忖當個	1
tsʽeng-zông	村上	4
tsʽeo	湊	5
tsʽeo-de	湊隊	9
tsʽeo-de-go	湊隊個	1
tsʽi-leh-lao	砌勒牢	1
tsʽia	且	29
tsʽia-kwu	且顧	1
tsʽia-kʽen	且看	40
tsʽia-tʽing	且聽	1
tsʽiah-tsʽiah	綽綽	1
tsʽiang	槍	1
tsʽiang-deh	搶奪	5
tsʽiang-pô	槍笆	3
tsʽiang-pô-yin	槍笆沿	1
tsʽiang-tsʽiang	搶搶	2
tsʽih	七	14
tsʽih	切	3
tsʽih-dzoh-go	七族個	1
tsʽih-go	七個	48
tsʽih-jih	七十	3
tsʽih-jih-go	七十個	3
tsʽih-kying	赤金	2
tsʽih-kʽo	七顆	2
tsʽih-lih	七粒	5
tsʽih-nyih-go	七日個	7
tsʽih-nyüoh	赤玉	1
tsʽih-sing	切身	7
tsʽih-sing	切心	3
tsʽih-ting	七頂	1
tsʽih-ting-pah-tao	七丁八倒	1
tsʽih-tsah	七隻	1
tsʽih-tsao	七遭	5
tsʽih-tsæn	七盞	6
tsʽih-tsʽ	切齒	1
tsʽih-tsʽ-tʽong-ʽeng	切齒痛恨	2
tsʽih-tsʽih-dzæ-sing	切切在心	2
tsʽih-tsʽih-dzæ-sing-go	切切在心個	1
tsʽih-tsʽin	七千	2
tsʽih-tʽiah	切貼	1
tsʽih-yiang	七樣	3
tsʽih-zo	七座	1
tsʽin	千	13
tsʽin	遷	4
tsʽin-ding	千定	3
tsʽin-gyüong-go	千窮個	1
tsʽin-pin-væn-hwô-go	千變萬化個	1
tsʽin-sô	淺沙	1
tsʽin-tsong	千總	24
tsʽin-tsʽin	千千	1
tsʽin-væn-go	千萬個	1
tsʽin-væn-kyü	千萬句	1
tsʽin-væn-liang	千萬兩	1
tsʽing	請	74
tsʽing	稱	10
tsʽing	趁	7
tsʽing	清	2
tsʽing	親	2
tsʽing	秤	1
tsʽing	青	1
tsʽing-do-bah-nyih	清大白日	1
tsʽing-dzoh	親族	1
tsʽing-dzoh-go	親族個	1
tsʽing-gying	親近	17
tsʽing-gying-de	親近了	1
tsʽing-hwu	稱呼	35
tsʽing-hwu-go	稱呼個	2
tsʽing-ko	青果	1
tsʽing-kyiah-yin	親腳沿	1
tsʽing-kyih	清潔	25
tsʽing-kyih-go	清潔個	9
tsʽing-kyün	親眷	12
tsʽing-kyʽi-go	請去個	1
tsʽing-kyʽi-kæn	請去間	1
tsʽing-kæn-go	請間個	7
tsʽing-kʽeo	親口	4
tsʽing-long	請攏	1
tsʽing-læ	請來	1
tsʽing-meng	請問	4
tsʽing-ngæn	親眼	6
tsʽing-nyüoh	青玉	1
tsʽing-pih	親筆	3
tsʽing-sing	親身	3
tsʽing-sing	請聖	1
tsʽing-siu	親手	11
tsʽing-ti-dzing	清低沉	1
tsʽing-ting	清盯	15
tsʽing-tsæn	稱讚	32
tsʽing-tsæn-feh-læ	稱讚弗來	1
tsʽing-tsæn-go	稱讚個	6
tsʽing-tsʽ-kyi-we	趁此機會	6
tsʽing-tsʽao	青草	5
tsʽing-tsʽing	請請	4
tsʽing-tʽong	清通	1
tsʽing-tʽong-de	清通了	3
tsʽing-tʽong-go	清通個	1
tsʽing-w̆ô	青蛙	1
tsʽing-zông	請上	1
tsʽing-æ	親愛	14
tsʽing-æ-go	親愛個	58
tsʽiu-cʽih	抽出	1
tsʽiu-cʽih-læ	抽出來	2
tsʽiu-djôh	抽着	1
tsʽiu-miao	抽苗	3
tsʽiu-ngô-go	抽芽個	1
tsʽiu-tin-cʽih	抽點出	1
tsʽiu-tsʽin	抽籤	1
tsʽiu-tsʽiu	臭臭	1
tsʽiu-tsʽæ	愀睬	2
tsʽiu-tʽin	秋天	1
tsʽiu-tʽæ	醜態	1
tsʽiu-wô	醜話	2
tsʽo	錯	6
tsʽo-cʽü	錯處	3
tsʽo-de	錯了	4
tsʽo-ko	錯過	1
tsʽo-lôh	錯落	7
tsʽo-lôh-de	錯落了	1
tsʽo-lôh-go	錯落個	1
tsʽo-tsʽo	搓搓	1
tsʽoh-ngwu	錯誤	1
tsʽoh-sing	簇新	2
tsʽoh-sing-go	簇新個	10
tsʽoh-tsæn-sing-go	簇斬新個	3
tsʽoh-tsæn-sing-go	簇嶄新個	2
tsʽong-ming	聰明	71
tsʽong-ming-cü-we	聰明智慧	5
tsʽong-ming-go	聰明個	28
tsʽong-nyüoh	蔥玉	1
tsʽu	醋	2
tsʽu	初	1
tsʽu-lu	粗魯	1
tsʽu-mæn	粗蠻	1
tsʽu-nying	粗人	1
tsʽu-tsʽu	初初	1
tsʽu-ʽôh	初學	2
tsʽæ	睬	5
tsʽæ	猜	3
tsʽæ	菜	2
tsʽæ-su	菜蔬	2
tsʽæn-kʽoh-go	慘酷個	1
tsʽæn-nyih	產業	36
tsʽæn-nyih-go	產業個	2
tsʽæn-nyiæn	懺唸	6
tsʽæn-nyiæn-go	懺唸個	3
tsʽæn-nyiæn-kyi	懺唸記	1
tsʽæn-tsing	摻進	1
tsʽô	差	10
tsʽô-feh-to	差弗多	3
tsʽô-go	瘥個	1
tsʽô-ih-ngæn	差一眼	3
tsʽô-kʽæ	岔開	3
tsʽô-kʽæ-de	岔開了	1
tsʽô-lu	岔路	7
tsʽô-lu-go	岔路個	3
tsʽô-tang-tsʽô	岔打岔	1
tsʽô-tin	瘥點	2
tsʽô-ts	車子	4
tsʽô-ts-li	車子裏	1
tsʽôh-ngwu	錯誤	3
tsʽôh-pʽe	錯配	1
tsʽông	唱	4
tsʽông	瘡	3
tsʽông-doh	瘡毒	2
tsʽông-hao	唱好	2
tsʽông-kwʽu	倉庫	2
tsʽông-li	倉裏	2
tsʽông-nyüoh	蒼玉	1
tsʽông-zao	創造	1
tsʽông-zao-go	創造個	1
tsʽön-cʽih-læ	竄出來	1
tsʽön-lôh	竄落	3
tsʽön-teh	攛掇	5
tu	都	794
tu-gyi	妒忌	14
tu-gyi-go	妒忌個	1
tu-gyi-sing	妒忌心	6
tæ-djü	戴住	1
tæ-leh	戴勒	1
tæn	單	22
tæn	擔	17
tæn	膽	2
tæn-boh	單薄	1
tæn-deo	擔頭	4
tæn-diao	撣掉	2
tæn-djôh	黵着	3
tæn-koh	耽擱	1
tæn-kyʽiah-go	膽怯個	2
tæn-kôh	耽擱	11
tæn-kôh-kyi	耽擱記	3
tæn-kôh-kæn	耽擱間	5
tæn-liang	膽量	4
tæn-lôh	撣落	1
tæn-ngwu	耽誤	1
tæn-teng	單等	10
tæn-ts	膽子	6
tæn-ts	擔子	1
tæn-tsih	單只	70
tæn-tsih-siao	單只消	1
tæn-tông	擔當	5
tô-hwô	朵化	4
tông	當	40
tông	擋	8
tông	黨	1
tông-cong	當中	1
tông-cong-nyiang	當中央	5
tông-cʽih	擋出	1
tông-djôh	當着	1
tông-dzih	當值	2
tông-dzih-go	當值個	3
tông-feh-djü	當弗住	1
tông-kyʽi	擋起	1
tông-kæ	當該	55
tông-leh	擋勒	2
tông-leh-djü	擋勒住	2
tông-min	當面	3
tông-min-zin	當面前	2
tông-nyih	當日	1
tông-ping	當兵	2
tông-ping-go	當兵個	1
tông-s-tông-yüong	當使當用	1
tông-sing	當心	2
tông-tsʽu	當初	1
tông-tsʽu-ts	當初子	1
tông-yia	當夜	6
tông-z	當時	12
tông-z	當是	1
tông-zông	擋上	1
tön	斷	12
tön	煅	1
tön-de	短了	1
tön-fah	斷法	1
tön-go	短個	2
tön-ko-liao	鍛過了	1
tön-ko-liao-go	鍛過了個	1
tön-tin	短點	2
tön-tsing	端正	4
tön-tsing-go	端正個	1
tön-tsông	端莊	4
tön-tön	斷斷	11
tön-tön-tsing-tsing	端端正正	1
tʽa	拖	1
tʽa-bing	太平	8
tʽa-bing-de	太平了	1
tʽa-bing-go	太平個	3
tʽa-kæn	太監	9
tʽa-lah	他拉	2
tʽa-tʽa	太太	2
tʽa-tʽa-bing-bing	太太平平	2
tʽa-tʽa-bing-bing-de	太太平平了	2
tʽa-yiang-li	太陽裏	1
tʽah-mô-tʽa	撻馬太	1
tʽah-zông	榻上	1
tʽao	討	27
tʽao	套	5
tʽao	滔	1
tʽao-go	討個	4
tʽao-ko-de	討過了	1
tʽao-lih	討力	1
tʽao-tsing	套進	1
tʽao-væn	討飯	5
tʽao-wæn	討還	2
tʽe	推	5
tʽe-cʽih	推出	1
tʽe-cʽih-læ	推出來	1
tʽe-de	退了	4
tʽe-dz	推辭	3
tʽe-hweng-de	退婚了	1
tʽe-kyi-kwu	推基古	5
tʽe-lah-nu-go	推喇奴個	1
tʽe-lo	推羅	12
tʽe-nyiang	推讓	2
tʽe-pæn-tin	推扳點	1
tʽe-tao	推倒	2
tʽe-tseng	推尊	7
tʽe-tseng-go	推尊個	2
tʽe-tʽôh	推託	3
tʽe-yüô-tʽe-lah	推雅推喇	4
tʽeh-cʽih	脫出	27
tʽeh-cʽih-de	脫出了	3
tʽeh-diao	脫掉	18
tʽeh-diao-de	脫掉了	2
tʽeh-leh	脫勒	1
tʽeh-lih	脫力	5
tʽen	貪	12
tʽen-du	貪圖	1
tʽen-dzæ	貪財	3
tʽen-dzæ-go	貪財個	4
tʽen-s	貪私	1
tʽen-seh	貪色	1
tʽen-sing	貪心	14
tʽen-ts	探子	1
tʽen-tsiu	貪酒	1
tʽen-tsiu-go	貪酒個	2
tʽen-tʽen	探探	1
tʽen-tʽing	探聽	1
tʽen-zih	貪食	3
tʽeng	吞	1
tʽeng-diao	褪掉	1
tʽeng-diao-de	褪掉了	1
tʽeng-diao-leh	褪掉了	1
tʽeng-gyi-diao	吞其掉	1
tʽeng-kyʽi	氽去	1
tʽeng-kyʽüoh	吞喫	6
tʽeng-leh-kyʽi	氽勒去	1
tʽeng-lôh	褪落	4
tʽeng-lôh-de	褪落了	1
tʽeng-lôh-kyʽi	吞落去	1
tʽeo	偷	5
tʽeo-bun	偷伴	5
tʽeo-cʽih	透出	4
tʽeo-cʽih-go	透出個	1
tʽeo-cʽih-læ	㪗出來	1
tʽeo-cʽih-læ	透出來	1
tʽeo-dao	偷盜	9
tʽeo-go	偷個	1
tʽeo-kwông-go	透光個	1
tʽeo-kyʽi	偷去	1
tʽeo-kyʽi-go	偷去個	1
tʽeo-kʽen	偷看	1
tʽeo-leh-kyʽi-de	偷勒去了	1
tʽeo-liang-go	透亮個	1
tʽeo-tʽeo	㪗㪗	1
tʽi	替	51
tʽi	剃	1
tʽi-diao	剃掉	2
tʽi-dæ	替代	3
tʽi-li	替裏	2
tʽi-liang	體諒	4
tʽi-min	體面	19
tʽi-min-go	體面個	4
tʽi-min-siang	體面相	1
tʽi-tsih	體質	2
tʽiah	貼	3
tʽiah-kying-go	貼金個	1
tʽiah-sah-lo-nyi-kyüô	帖撒羅尼迦	8
tʽiah-sah-lo-nyi-kyüô-go	帖撒羅尼迦個	1
tʽiah-tʽu-lo	帖土羅	2
tʽiao	挑	3
tʽiao-cʽih	跳出	2
tʽiao-cʽih	挑出	1
tʽiao-dong	挑動	2
tʽiao-ko-kyʽi	跳過去	1
tʽiao-kyʽi	挑起	1
tʽiao-kyʽi-læ	跳起來	4
tʽiao-leh	挑勒	1
tʽiao-leh-kyʽi	挑勒去	1
tʽiao-lôh	跳落	10
tʽiao-lôh-go	跳落個	1
tʽiao-lôh-kyʽi	跳落去	5
tʽiao-shün	挑選	2
tʽiao-shün-go	挑選個	19
tʽiao-so	挑唆	1
tʽiao-tsing-kyʽi	跳進去	1
tʽiao-tʽiao	跳跳	2
tʽiao-vu	跳舞	4
tʽiao-vu-go	跳舞個	1
tʽih	踢	1
tʽih	鐵	1
tʽih-cʽih	踢出	2
tʽih-djôh	踢着	2
tʽih-kah	鐵甲	1
tʽih-kah-pih	鐵隔壁	1
tʽih-kweng	鐵棍	3
tʽih-mao	鐵帽	2
tʽih-meng	鐵門	1
tʽin	天	122
tʽin-di	天地	17
tʽin-di-go	天地個	1
tʽin-go	天個	2
tʽin-koh	天國	20
tʽin-koh-go	天國個	10
tʽin-koh-li	天國裏	11
tʽin-kô	天家	4
tʽin-kʽong	天空	1
tʽin-kʽong-li	天空裏	3
tʽin-kʽong-li-go	天空裏個	1
tʽin-li	天裏	20
tʽin-li-go	天裏個	24
tʽin-liang	天亮	9
tʽin-nga	天外	1
tʽin-nyiang	天亮	17
tʽin-ping-tʽin-tsiang	天兵天將	1
tʽin-ping-tʽin-tsiang-go	天兵天將個	1
tʽin-s	天使	168
tʽin-s-go	天使個	9
tʽin-s-pin-go	天四邊個	1
tʽin-s-tsiang-go	天使長個	1
tʽin-tʽin	舔舔	1
tʽin-vu	天父	71
tʽin-vu-go	天父個	5
tʽin-væn-pah	天凡百	1
tʽin-zông	天上	91
tʽin-zông-go	天上個	15
tʽin-ʽô	天下	26
tʽin-ʽô-go	天下個	2
tʽin-ʽô-nying	天下人	1
tʽing	聽	214
tʽing-cʽih	聽出	2
tʽing-fah	聽法	1
tʽing-feh-cʽih	聽弗出	1
tʽing-feh-tsing	聽弗進	2
tʽing-go	聽個	5
tʽing-ko	聽過	1
tʽing-leh-cʽih	聽勒出	1
tʽing-læ-go	聽來個	1
tʽing-meng	聽聞	252
tʽing-meng-de	聽聞了	6
tʽing-meng-go	聽聞個	31
tʽing-meng-gyi	聽聞其	3
tʽing-meng-ko	聽聞過	15
tʽing-meng-ko-de	聽聞過了	1
tʽing-meng-ts	聽聞仔	12
tʽing-sing	聽信	4
tʽing-sing-go	聽信個	1
tʽing-tong	聽東	4
tʽing-tong-go	聽懂個	1
tʽing-tong-go	聽東個	1
tʽing-ts	聽仔	1
tʽing-tʽing	聽聽	3
tʽing-tʽing-kʽen	聽聽看	1
tʽo	拖	8
tʽo-cʽih	拖出	2
tʽo-cʽih-kyʽi	拖出去	2
tʽo-feh-dong	拖弗動	1
tʽo-kyiah-min-go	拖腳面個	1
tʽo-leh	拖勒	2
tʽo-leh-kyʽi	拖勒去	1
tʽo-leh-læ	拖勒來	1
tʽo-zông	拖上	1
tʽong	統	8
tʽong	通	6
tʽong-cü	通知	66
tʽong-dah	通達	1
tʽong-kwʽu	痛苦	6
tʽong-kwʽu-go	痛苦個	1
tʽong-kʽoh	痛哭	1
tʽong-leh	痛勒	1
tʽong-læ-tʽong-kyʽi	通來通去	1
tʽong-pao	通報	4
tʽong-sông	痛傷	1
tʽong-tʽeo	通透	1
tʽong-ʽang-dzin	通行錢	1
tʽu	吐	9
tʽu-cʽih	吐出	1
tʽu-cʽih-go	吐出個	2
tʽu-fi-nô	土非拿	1
tʽu-fu-sah	土富撒	1
tʽu-ing	土音	4
tʽu-ming	土名	1
tʽu-si-lah	土西拉	1
tʽu-tsʽæn	土產	2
tʽu-wô	土話	26
tʽæ	胎	4
tʽæ-li	胎裏	2
tʽæn	嘆	1
tʽæn	攤	1
tʽæn-ho	炭火	3
tʽæn-kyʽi	嘆氣	1
tʽæn-kʽæ	攤開	7
tʽæn-kʽæ-kæn-go	攤開間個	1
tʽæn-kʽæ-tih	攤開的	1
tʽæn-li	灘裏	1
tʽæn-sih	嘆息	2
tʽôh	託	46
tʽôh-fu	託付	15
tʽôh-leh	託勒	3
tʽôh-leh	託了	1
tʽôh-tʽôh	託託	1
tʽông-jün	倘然	7
u	熓	6
u	捂	2
u	烏	2
u-de	熓了	1
u-dông	烏蕩	83
u-go	熓個	2
u-li-üô-go	烏利亞個	1
u-long-song	烏龍送	1
u-sen	烏碎	333
u-si-üô	烏西亞	2
u-su	惡愫	29
u-su-go	惡愫個	2
u-wæn	污環	2
u-w̆e	污穢	6
u-w̆e-de	污穢了	1
un-cün	婉轉	1
un-tsæn	碗盞	4
vah	罰	11
vah-ko-go	罰過個	1
vah-ko-tsiu	罰過咒	2
vah-tsing	罰進	3
vah-tsiu	罰咒	35
vah-tsiu-go	罰咒個	1
vah-tsiu-ko-liao	罰咒過了	1
vah-tsiu-ko-liao-go	罰咒過了個	1
ve	𣍐	45
ve-go	𣍐個	4
veng	墳	17
veng-dao-go	問道個	1
veng-deo	墳頭	13
veng-di	墳地	1
veng-kʽo-li	墳窠裏	5
veng-li	墳裏	2
veng-li	文理	1
veng-liang	分量	1
veng-ming	聞名	1
veng-mo	墳墓	17
veng-mo-li	墳墓裏	5
veng-nga	分外	5
veng-shü	文書	1
veng-veng	份份	1
veng-yüô	文雅	1
veng-z	文字	4
veng-z-go	文字個	2
veng-zi	份齊	1
veo-yin	浮言	2
vi	未	1
vi-kʽo-cü	未可知	3
vi-læ-go	未來個	1
vi-min	未免	6
vi-pih	未必	6
voh	服	25
voh	復	2
voh-cün	復轉	1
voh-cün-læ	復轉來	1
voh-go	服個	1
voh-gyi	服其	1
voh-lah	服了	2
voh-lah	服拉	1
voh-z	服侍	68
voh-z-go	服侍個	4
voh-ze	服罪	1
vong	甮	21
vong	奉	18
vong	逢	1
vong-de	甮了	2
vong-dzing	奉承	1
vong-dzing-go	奉承個	1
vong-li	縫裏	7
vong-ts	奉之	2
vong-ts	奉旨	2
vong-tsʽa	奉差	1
vong-u	縫烏	1
vong-z	奉侍	2
vong-z-go	奉侍個	1
vu-djôh	附着	2
vu-dzu	扶助	6
vu-fah-vu-tʽin	無法無天	3
vu-gyüong	無窮	1
vu-hwô-ko	無花果	19
vu-ih	無益	7
vu-ih-go	無益個	2
vu-ih-ts-kyü	無益之舉	1
vu-kao	誣告	4
vu-kao-ping	無酵餅	1
vu-kao-ping-go	無酵餅個	1
vu-kao-tsih	無酵節	5
vu-kao-tsih-go	無酵節個	2
vu-kyi-ts	無稽之	1
vu-la	無賴	1
vu-leh	附勒	1
vu-lu	霧露	2
vu-meo	父母	7
vu-meo	無謀	2
vu-nyih-ts	武藝子	2
vu-pih-ts	務必子	2
vu-r-yin	無二言	1
vu-sô-peh-neng	無所不能	1
vu-sô-peh-neng-go	無所不能個	1
vu-tih	附的	4
vu-tih-de	附的了	2
vu-tih-go	附的個	8
vu-tsʽin	無千	1
vu-yün-vu-kwu	無緣無故	2
vu-yüong	無用	1
vu-yüong-go	無用個	1
vu-yüong-ts-veh	無用之物	1
væn	飯	15
væn	煩	8
væn	犯	8
væn	萬	2
væn-cü-ts	萬主之	3
væn-djôh	犯着	16
væn-djôh-de	犯着了	1
væn-dæ	萬代	3
væn-fah	犯法	1
væn-fah-go	犯法個	1
væn-go	犯個	1
væn-ko	犯過	2
væn-ko-go	犯過個	2
væn-koh	萬國	16
væn-koh-go	萬國個	6
væn-koh-nying	萬國人	3
væn-koh-nying-go	萬國人個	2
væn-leh	犯了	4
væn-liang	飯糧	1
væn-nying	犯人	25
væn-pah	凡百	345
væn-pah-go	凡百個	8
væn-su	萬數	1
væn-tsʽæn	晚餐	1
væn-veh	萬物	45
væn-veh-go	萬物個	1
væn-veh-ts-zông	萬物之上	2
væn-væn	萬萬	1
væn-wông	藩王	7
væn-wông-ts	萬王之	3
væn-ze	犯罪	40
væn-ze-go	犯罪個	10
væn-ze-ko	犯罪個	1
væn-zeh	煩雜	1
væn-zih	飯食	2
vông-dong	妄動	1
vông-eng-go	忘恩個	1
vông-eng-veo-yi	忘恩負義	1
vông-kyʽüoh	妄喫	2
vông-kyʽüoh-vông-yüong	妄喫妄用	2
vông-li	房裏	2
vông-ts	房子	1
vông-tsôh-vông-we-go	妄作妄爲個	2
vông-yüong	妄用	2
wa	還	271
wa-we	還會	2
wa-yiu	還有	324
wa-yiu-sing	還有星	4
wa-yiu-teh	還有得	1
wa-z	還是	86
wang-dzæ	橫財	1
wang-si	橫死	1
wang-ying	橫行	1
wang-ying-peh-fah-go	橫行不法個	1
we	會	1456
we	爲	24
we	位	1
we	回	1
we-be	違背	11
we-cün	圍轉	1
we-deo-we-nao	爲頭爲腦	1
we-djôh	會着	5
we-djôh-go	會着個	1
we-djü	圍住	4
we-dông-li	會堂裏	1
we-foh	回覆	3
we-foh-de	回覆了	1
we-hyiang	茴香	1
we-ih-go	爲一個	1
we-kyin	會見	3
we-kông-we-wô-go	會講會話個	1
we-leh	爲了	592
we-min	會面	2
we-nyih	違逆	6
we-pao	回報	3
we-sing-cün-i	回心轉意	47
we-sing-cün-i-de	回心轉意了	4
we-sing-cün-i-go	回心轉意個	6
we-su	回數	3
we-teh	回答	191
we-teh-go	回答個	1
we-teh-leh	回答勒	3
we-ts	爲止	1
we-we	會會	1
weh	活	60
weh-cün-læ	活轉來	90
weh-cün-læ-de	活轉來了	11
weh-cün-læ-go	活轉來個	32
weh-de	活了	8
weh-deh-go	活突個	1
weh-djông-weh-tin	活撞活顛	5
weh-dong-go	活動個	1
weh-go	活個	25
weh-gyi	活其	1
weh-kyʽi-læ	活起來	1
weh-kæn-de	活間了	2
weh-ling	活靈	31
weh-ling-go	活靈個	4
weh-lu	活路	2
weh-ming	活命	98
weh-ming-go	活命個	20
weh-nying	活人	9
weh-nying-go	活人個	4
weh-shü	活水	1
weh-shü-go	活水個	1
weh-tong	活東	26
weh-tong-de	活東了	1
weh-tong-go	活東個	8
weh-tʽeh-ko-go	活脫過個	1
weh-weh	活活	1
weh-zin	活前	3
weh-zin-go	活前個	1
weh-zông	活上	1
weng-sing	渾身	16
weng-sing-go	渾身個	1
weng-tsiang	混帳	1
weng-tsing-læ-go	混進來個	1
weng-zeh	混雜	2
wu	湖	3
wu-du	糊塗	2
wu-du-go	糊塗個	1
wu-li	狐狸	3
wu-li	湖裏	1
wu-liang-vông	戶糧房	3
wu-long	胡嚨	4
wu-long-hyiang-liang	胡嚨響亮	4
wu-pin	湖邊	1
wu-shing-tsih	五旬節	2
wu-shing-tsih-go	五旬節個	1
wu-sing-kying	護心鏡	4
wu-song	護送	1
wu-yiang	湖羊	3
wun-de	完了	6
wun-djün	完全	13
wun-djün-de	完全了	3
wun-djün-go	完全個	2
wun-ko	換過	3
wun-kong	完工	4
wun-kong-de	完工了	1
wun-kong-feh-læ	完工弗來	1
wun-kyi	黃狗	7
wun-wun	緩緩	1
wæ	懷	5
wæ-diao	壞掉	28
wæ-diao-de	壞掉了	1
wæ-diao-go	壞掉個	2
wæ-kyʽi	懷起	3
wæ-kyʽi-læ	懷起來	1
wæ-sing	懷聲	2
wæ-wæ	懷懷	6
wæ-wæ-hyiang	懷懷響	13
wæn	還	16
wæn-cün-læ	還轉來	1
wæn-feh-cʽih	還弗出	2
wæn-go	還個	1
wæn-næn	患難	21
wæn-pao	還報	4
wæn-pao-go	還報個	1
wæn-wun	還完	4
wô	話	2519
wô-cʽih-læ	話出來	3
wô-cʽih-læ-de	話出來了	2
wô-djôh-de	話着了	7
wô-fah	話法	3
wô-go	話個	20
wô-hao	話好	1
wô-hyiang	話向	2
wô-ko	話過	13
wô-ko-de	話過了	2
wô-ko-go	話過個	2
wô-kyʽi-læ	話起來	1
wô-kʽæ-kyʽi-de	話開去了	2
wô-leh	話勒	1
wô-li	華麗	1
wô-ng-lah	話爾拉	1
wô-wô	話話	5
wông	王	44
wông-djong	蝗蟲	4
wông-fah	王法	2
wông-go	王個	4
wông-kong	王宮	2
wông-kong-li	王宮裏	2
wông-kʽong	惶恐	33
wông-kʽong-de	惶恐了	1
wông-kʽong-go	惶恐個	2
wông-kʽong-siang	惶恐相	3
wông-nyüoh	黃玉	1
wông-ti	皇帝	63
wông-ti-go	皇帝個	6
wông-ti-go-gyün-ping	皇帝個權柄	1
wông-we	王位	1
wông-ʽeo	王后	1
w̆a	壞	26
w̆a-cʽü	壞處	17
w̆a-de	壞了	2
w̆a-go	壞個	8
w̆a-kyʽi-læ	壞起來	1
w̆a-nying	壞人	7
w̆a-wô	壞話	1
w̆a-yiang	壞樣	1
w̆a-z	壞事	2
w̆ang	橫	2
w̆ang-dzin	橫纏	1
w̆ang-li	橫禮	5
w̆ang-pang-hyüing-liu	橫綳勛流	1
w̆ang-pang-hyüing-liu-go	橫綳勛流個	3
w̆ang-tsʽih-dzin-pah-go	橫七纏八個	1
w̆e-kyʽüoh	委曲	15
w̆e-nyin	威嚴	7
w̆e-shü	威勢	1
w̆e-u	穢污	11
w̆e-u-go	穢污個	2
w̆eh-kʽæ-ts	挖開仔	1
w̆eh-w̆eh	𩑦𩑦	1
w̆eng	搵	2
w̆eng-nying	瘟人	1
w̆eng-tin	搵點	1
w̆eng-tông	穩當	9
w̆eng-tông-go	穩當個	2
w̆eng-ziu	溫柔	9
w̆eng-ziu-go	溫柔個	5
w̆æn-cün	彎轉	1
w̆æn-kyʽüoh-go	彎曲個	1
w̆æn-we	挽回	10
w̆æn-we-ts	挽回之	1
yi	又	558
yi	以	1
yi	夷	1
yi-coh-go	遺囑個	2
yi-da-li	以大利	5
yi-fah-da	以法大	1
yi-fah-lin	以法蓮	1
yi-feh-dong	移弗動	1
yi-feh-sô	以弗所	21
yi-ko	移過	1
yi-ko-de	移過了	1
yi-ko-go	移過個	1
yi-ko-kyʽi	移過去	3
yi-ko-nyiæn	以哥念	5
yi-ko-nyiæn-go	以哥念個	1
yi-kying	已經	370
yi-lah-tu	以拉都	3
yi-li	以利	4
yi-li-li-kwu	以利哩古	1
yi-li-mô	以呂馬	1
yi-li-sô	以利沙	1
yi-li-sô-pah	以利沙伯	10
yi-li-üô	以利亞	30
yi-li-üô-kying	以利亞敬	4
yi-li-üô-sah	以利亞撒	2
yi-lih	以律	2
yi-lih-sah	以列撒	2
yi-læ	以來	12
yi-læn-go	以攔個	1
yi-lôh	遺落	2
yi-lôh-go	遺落個	1
yi-lôh-tong	遺落東	1
yi-mo-dông	以摩堂	2
yi-mô-ne-lih	以馬內列	1
yi-mô-ngwu	以馬忤	1
yi-nga	以外	1
yi-no-z	以挪士	2
yi-nyi-yüô	以尼雅	2
yi-nôh	以諾	4
yi-pe-kwu-lo	以彼古羅	1
yi-pæ-nyi-tʽu	以拜尼土	1
yi-pô-feh	以巴弗	3
yi-pô-feh-di	以巴弗提	2
yi-sah	以撒	17
yi-sah-go	以撒個	4
yi-sah-kyüô	以薩迦	1
yi-sao	以掃	3
yi-seh-lih	以色列	74
yi-seh-lih-go	以色列個	9
yi-si	又死	1
yi-sæ-üô	以賽亞	18
yi-sæ-üô-go	以賽亞個	3
yi-tsʽæn-go	遺產個	1
yi-tön	異端	1
yi-tʽu-li-üô	以土利亞	1
yi-tʽu-mæ	以土買	1
yi-z-leng	以士崙	4
yi-z-li	以士里	2
yi-ziang	又像	1
yi-zin	以前	20
yi-zin-go	以前個	2
yi-ʽeo	以後	29
yi-ʽô-go	以下個	1
yia	也	1220
yia	呀	6
yia	夜	6
yia	野	4
yia-cong	野種	1
yia-de	夜了	2
yia-deo	夜頭	3
yia-kwʽa	夜快	16
yia-li	夜裏	1
yia-li-go	夜裏個	2
yia-siu	野獸	36
yia-siu-go	野獸個	9
yia-tao	夜到	20
yia-tao-den	夜到頭	1
yia-tsʽao	野草	4
yia-væn	夜飯	3
yia-we	也會	1
yia-yia	夜夜	3
yia-yiu	也有	2
yia-z	也是	12
yiah-sao	翼梢	2
yiah-yiah-dong	𢖺𢖺動	1
yiah-z	鑰匙	6
yiang	羊	45
yiang	樣	13
yiang	揚	4
yiang	癢	1
yiang-bi	羊皮	1
yiang-diao	煬掉	2
yiang-go	羊個	3
yiang-gyin-li	羊圈裏	2
yiang-kyʽi	揚起	1
yiang-kyʽi-læ	揚起來	2
yiang-kʽæ	揚開	9
yiang-kʽæ-de	揚開了	6
yiang-kʽæ-kyʽi	揚開去	1
yiang-mao	羊毛	2
yiang-meng	羊門	1
yiang-na	羊奶	1
yiang-pi	佯庇	1
yiang-seh	樣色	1
yiang-shih	樣式	8
yiang-tang-yiang	樣打樣	1
yiang-tsôh	養足	1
yiang-yiang	樣樣	116
yiao-dong	搖動	13
yiao-leh	搖勒	1
yiao-long	搖攏	1
yiao-nyiæn	效驗	30
yiao-yiao	搖搖	3
yiao-yin	謠言	1
yiao-ʽôh	搖惑	10
yih	葉	5
yih-bæn	葉爿	2
yih-sao	翼梢	2
yih-sao-go	翼梢個	1
yin	鹽	9
yin-cʽih	現出	15
yin-cʽih-go	現出個	1
yin-cʽih-læ	現出來	15
yin-cʽih-tong	現出東	2
yin-deo	焰頭	1
yin-dzæ	現在	102
yin-dzæ-go	現在個	8
yin-go	鹽個	1
yin-hwô	現化	1
yin-li-go	豔麗個	1
yin-nyü	言語	1
yin-nyü-go	言語個	1
ying	營	3
ying-dao	引導	8
ying-dao-go	引導個	1
ying-de	贏了	1
ying-dong	引動	2
ying-gyü	刑具	2
ying-li	營裏	6
ying-li-go	營裏個	2
ying-lön	淫亂	10
ying-lön-go	淫亂個	2
ying-min	贏面	2
ying-ping	營兵	7
ying-sing	淫心	1
ying-tsih	形跡	2
ying-vah	刑罰	27
ying-vah-li	刑罰裏	1
ying-vu	淫婦	5
ying-vu-go	淫婦個	1
ying-yiu	引誘	10
ying-za	營寨	1
ying-za-nga	營寨外	2
ying-ziang	形象	3
yiu	有	1943
yiu	油	13
yiu	又	4
yiu-bing-go	有病個	9
yiu-da	猶大	56
yiu-da-go	猶大個	1
yiu-de	有了	1
yiu-fông-li	油坊裏	1
yiu-go	有個	74
yiu-ho	有夥	17
yiu-hyi-lông-dông	遊戲浪蕩	2
yiu-iah	誘押	1
yiu-ih	有益	3
yiu-ko-kyʽi	游過去	1
yiu-kwun-li	油罐裏	1
yiu-kông	有講	1
yiu-lao	有佬	22
yiu-lao-go	有佬個	1
yiu-leh	有了	6
yiu-leh	有勒	3
yiu-li-üô	猶利亞	1
yiu-liu	猶流	2
yiu-lo-keh-deng	友羅革騰	1
yiu-ming-go	有名個	2
yiu-nyi-kyi-go	友尼基個	1
yiu-nyi-üô	猶尼亞	1
yiu-o-tia	友阿爹	1
yiu-pu-lo	友布羅	1
yiu-sing	有星	96
yiu-teh	有得	13
yiu-teh-go	有得個	42
yiu-tih-go	有的個	1
yiu-tin	有點	4
yiu-ts-wu	猶之乎	2
yiu-tʽa	猶太	253
yiu-tʽa-go	猶太個	6
yiu-tʽe-kwu	猶推古	1
yiu-veng	有份	26
yiu-veng-go	有份個	2
yiu-yü	有餘	4
yiu-z-tu	猶士都	3
yiu-ze-go	有罪個	2
yiu-ʽæ-go	有害個	1
yiu-ʽæn	有限	2
yiu-ʽæn-go	有限個	2
yiu-ʽôh	誘惑	5
yiu-ʽôh-go	誘惑個	2
yiæ	耶	1
yiæ-dæ	懈怠	6
yiæ-feh-da	耶弗大	1
yiæ-gyih	埃及	30
yiæ-ko-nyi-üô	耶哥尼亞	2
yiæ-li-ko	耶利哥	7
yiæ-li-mi	耶利米	3
yiæ-lu	睚魯	2
yiæ-lu-sah-leng	耶路撒冷	137
yiæ-lu-sah-leng-go	耶路撒冷個	10
yiæ-seng	耶孫	5
yiæ-si	耶西	4
yiæ-si-bih	耶洗別	1
yiæ-si-go	耶西個	2
yiæ-su	耶穌	1463
yiæ-su-go	耶穌個	74
yü	雨	9
yü	於	2
yü	圍	1
yü	與	1
yü-be	預備	3
yü-be-hao-kæn-go	預備好間個	2
yü-be-nyih	預備日	4
yü-be-nyih-go	預備日個	1
yü-cün	圍轉	1
yü-dziu	宇宙	2
yü-gyüing	圍裙	1
yü-kô	愈加	75
yü-leh	圍勒	1
yü-long-kæn	圍攏間	1
yü-long-læ	圍攏來	1
yü-sin	預先	56
yü-tin	雨點	1
yü-to	餘多	18
yü-to-go	餘多個	17
yü-tông	餘黨	2
yü-yüih	逾越	19
yü-yüih-tsih	逾越節	11
yü-yüih-tsih-go	逾越節個	1
yü-ziang	圍牆	1
yüih	月	18
yüih	越	6
yüih-deo	月頭	1
yüih-fah	越發	10
yüih-liang	月亮	8
yüih-liang-go	月亮個	1
yüih-long	越弄	1
yüih-veng	月份	3
yüih-yüih	抈抈	4
yüing	雲	23
yüing-dong-go	運動個	1
yüing-go	雲個	1
yüing-hyiang	芸香	1
yüing-li	雲裏	2
yüing-teng	雲頂	1
yün	遠	6
yün-cü	園主	1
yün-cʽü	遠處	1
yün-cʽü-go	遠處個	1
yün-deo	園頭	2
yün-diao	懸掉	1
yün-jü	遠如	1
yün-kwu	緣故	38
yün-kwun	縣官	1
yün-kʽæ	遠開	2
yün-li	園裏	1
yün-li-go	園裏個	3
yün-li-go	縣裏個	1
yün-nga	園外	3
yün-tin	遠點	1
yün-veng	縣份	2
yün-veng	緣份	1
yün-yün	遠遠	19
yüoh-bing	疫病	1
yüong	用	602
yüong	熊	1
yüong-djôh	用着	16
yüong-dziang	用場	19
yüong-feh-wun-go	用弗完個	1
yüong-go	用個	7
yüong-gyiang	用強	1
yüong-leh	用勒	2
yüong-ngeo	雄牛	2
yüong-nying	傭人	22
yüong-sæn-yiang	雄山羊	1
yüong-sæn-yiang-go	雄山羊個	3
yüong-wô	榮華	186
yüong-wô-go	榮華個	18
yüong-yi	容易	8
yüong-yi-go	容易個	1
yüô-kyiah	夏甲	2
yüô-kôh	雅各	55
yüô-kôh-go	雅各個	16
yüô-lih	雅列	2
yüô-nyi	雅尼	1
yüô-nô	雅拿	2
yüô-tin	雅典	6
yüô-tin	瑕點	2
yüô-w̆ô	夏娃	2
yüô-yüô-si	㗇㗇嘶	2
yüôh-ho	慾火	2
yüôh-sing	慾心	6
z	是	3201
z	字	6
z	自	3
z-da-kwu	士大古	1
z-de	是了	14
z-di-fæn	士提反	14
z-djông	時常	44
z-dzih	侍值	2
z-dzih-kwu-kô	市值估價	1
z-go	是個	116
z-gyiu	士求	1
z-ing-kæ	是應該	1
z-jün	自然	10
z-ka	是介	714
z-ka-go	是介個	33
z-ken	事幹	888
z-ken-go	事幹個	4
z-kyi-wô	士基華	1
z-kʽeh	時刻	11
z-me-nô	士每拿	2
z-min	市面	1
z-min-zông	市面上	13
z-ngæn	字眼	3
z-nyih	事業	1
z-pæn-yüô	士班雅	2
z-shü	時世	23
z-shü-go	時世個	10
z-to-üô-go	士多亞個	1
z-tsih	時節	1
z-tsin	時節	3
z-tʽi	事體	9
z-we	侍衛	5
z-wu-ih-kying	似乎一景	1
z-yüoh	時疫	2
z-zing	時辰	7
z-ʽeo	時候	571
z-ʽeo	侍候	2
z-ʽeo-go	時候個	3
z-ʽeo-tong	侍候東	3
za	柴	3
za-lông	豺狼	6
zah-deo	石頭	83
zah-deo-zông	石頭上	8
zah-dong	石洞	1
zah-ngang	石硬	1
zah-ngæn	石巖	4
zah-pe-ba-li	石碑牌裏	1
zah-pe-zông	石碑上	1
zah-shü-kông	石水缸	1
zao	造	28
zao-cʽih	造出	1
zao-cʽih-læ	造出來	5
zao-cʽih-læ-go	造出來個	10
zao-dzing	造成	4
zao-dzing-liao	造成了	1
zao-go	造個	12
zao-hwô	造化	2
zao-kʽæ	造開	3
zao-li	皂吏	3
zao-nyih	造孽	2
zao-tsing	造進	1
zao-veh	造物	1
zao-zao	造造	1
ze	罪	161
ze	隨	32
ze-bin	隨便	27
ze-dzong	隨從	2
ze-go	罪個	17
ze-joh	罪辱	1
ze-ko	罪過	1
ze-kwʽe	罪魁	1
ze-kyʽi	銳氣	1
ze-kyʽin	罪愆	7
ze-leh	隨勒	1
ze-li	罪裏	3
ze-lo-ti	銳羅底	2
ze-ming	罪名	9
ze-nyih	罪孽	13
ze-nyih-go	罪孽個	2
ze-nying	罪人	34
ze-nying-go	罪人個	6
ze-siu	隨手	14
ze-z	隨時	1
ze-ôh	罪惡	18
ze-ôh-go	罪惡個	6
ze-ʽeo	隨後	2
zeh	賊	8
zeh-kʽo	賊窠	3
zeh-nying	賊人	3
zeo	愁	5
zeo-meng	愁悶	16
zi	自	436
zi-be	齊備	1
zi-be-de	齊備了	1
zi-go	自個	265
zi-kô-nying	自家人	5
zi-lih-we-wông	自立爲王	1
zi-tseng-zi-do	自尊自大	10
zi-yiu-zi-dzæ	自由自在	3
zi-yiu-zi-dzæ-de	自由自在了	1
zi-yiu-zi-dzæ-go	自由自在個	2
zia	邪	4
zia-bing	邪病	1
zia-fah	邪法	7
zia-hao-ts	謝好仔	1
zia-jih	邪術	4
zia-kyiao	邪教	2
zia-kyü	邪鬼	2
zia-ling	邪靈	1
zia-ling-go	邪靈個	1
zia-lu	邪路	1
zia-pʽih-go	邪僻個	1
zia-zia	謝謝	31
ziah	若	398
ziah	嚼	1
ziah-seh	若瑟	1
ziah-yiu	若有	12
ziah-z	若是	263
ziang	像	475
ziang	牆	1
ziang-kyiah	牆腳	10
ziang-kyiah	像腳	1
ziang-kyiah-go	牆腳個	1
ziang-kyiah-zông	牆腳上	1
ziang-meng	牆門	1
ziang-ngô	象牙	1
ziao-deo	兆頭	32
ziao-deo-yin-cʽih	兆頭現出	1
zih	食	3
zih-deo	舌頭	15
zih-deo-go	舌頭個	2
zih-diao	蝕掉	1
zih-peng	蝕本	2
zih-sah	射煞	1
zih-yin	食言	1
zih-yin-go	食言個	1
zin	前	5
zin-deo	前頭	120
zin-deo-go	前頭個	11
zin-dæ-go	前代個	1
zin-liang	錢糧	11
zin-ming-dông	前明堂	1
zin-pun-gyüih	前半橛	2
zin-zin-ʽeo-ʽeo-go	前前後後個	1
zin-ʽeo	前後	2
zing	尋	60
zing	城	1
zing	繩	1
zing-bæn	靜辦	1
zing-deo	盡頭	9
zing-djôh	尋着	19
zing-djôh-de	尋着了	9
zing-djôh-go	尋着個	1
zing-djôh-ts	尋着仔	2
zing-do-tsiu	甚大咒	3
zing-feh-cʽih	尋弗出	1
zing-feh-djôh	尋弗着	12
zing-feh-læ	尋弗來	1
zing-go	尋個	3
zing-leh	尋勒	1
zing-li	城裏	96
zing-li-go	城裏個	9
zing-li-hyiang-go	城裏向個	1
zing-lôh	靜落	1
zing-lôh-de	靜落了	1
zing-nga	城外	7
zing-nyih	淨日	2
zing-soh	繩索	3
zing-tao	尋到	1
zing-ts-ü	甚至於	16
zing-tæn-lôh	靜帶落	2
zing-zing	尋尋	4
zing-zing-go	靜靜個	1
ziu	就	1545
ziu	受	181
ziu-de	受了	1
ziu-go	受個	11
ziu-ko	受過	6
ziu-ko-ts	受過仔	1
ziu-kwʽu	受苦	1
ziu-leh	受了	7
ziu-leh	受勒	7
ziu-næn	受難	7
ziu-næn-go	受難個	3
ziu-shü	壽歲	1
ziu-sông	受傷	1
ziu-tao-de	就到了	1
ziu-tʽæ	受胎	2
ziu-veng	壽墳	1
ziu-veng-li	壽墳裏	1
ziu-wô	就話	1
ziu-yüong	受用	2
ziu-yüong-go	受用個	1
ziu-z	就是	632
ziu-z-de	就是了	2
ziu-z-go	就是個	2
ziu-z-ka	就是介	4
ziu-ze	受罪	4
ziu-ʽæ	受害	3
zo	坐	61
zo-deo	坐頭	1
zo-dông	坐堂	2
zo-go	坐個	2
zo-kyʽi-læ	坐起來	2
zo-kæn	坐間	19
zo-kæn-go	坐間個	4
zo-kʽah	坐客	2
zo-leh	坐勒	17
zo-long	坐攏	1
zo-lôh	坐落	18
zo-lôh-ts	坐落仔	1
zo-mun	坐滿	1
zo-mun-de	坐滿了	1
zo-tih	坐的	2
zo-tih-go	坐的個	9
zo-tong	坐東	2
zo-tong-go	坐東個	2
zo-ts	坐仔	7
zo-tæn-lôh	坐帶落	11
zo-we	座位	44
zo-we-go	座位個	2
zo-we-li	座位裏	8
zo-we-zông	座位上	8
zo-ze	坐罪	1
zo-ze-liao-go	坐罪了個	2
zo-zih	坐席	14
zo-zih-go	坐席個	8
zoh	𧮙	1
zoh-mô	𧮙罵	5
zoh-wæn	𧮙還	1
zæ-cü	財主	1
zæn-tʽu	饞唾	10
zô-nyih	昨日	2
zô-yia	昨夜	1
zôh	𧮙	1
zôh-cʽih-læ	鑿出來	1
zôh-cʽih-læ-go	鑿出來個	2
zôh-mô	𧮙罵	11
zôh-mô-go	𧮙罵個	1
zôh-nying-mô-tao-go	𧮙人罵倒個	1
zông	上	62
zông	狀	5
zông-ah-liao	上軛了	1
zông-deo	上頭	38
zông-deo-go	上頭個	3
zông-djôh	嚐着	4
zông-djôh-ko-de	嚐着過了	1
zông-dzing	上任	1
zông-hao-nyiang	上好樣	1
zông-ko	上過	1
zông-kong-go	上工個	4
zông-kwu-ts-shü	上古之世	1
zông-kying	上緊	14
zông-kyʽi	上去	12
zông-kʽong-pʽô	尚恐怕	6
zông-leh	上勒	1
zông-lu	上路	1
zông-læ	上來	6
zông-læ-go	上來個	1
zông-lôh-shü-wông	上落水旺	2
zông-pe-go	上輩個	1
zông-sing	嘗新	7
zông-teng	上頂	8
zông-tsʽia	尚且	2
zông-veng	上文	5
zông-we	上位	4
zông-yü	上諭	1
zông-zin	上前	6
zông-zông-kʽen	嚐嚐看	2
zông-ʽô	上下	2
æ	愛	8
æ-dziang	哀杖	2
æ-gyiu	哀求	2
æ-kying	愛敬	48
æ-lin	哀憐	39
æ-lin-go	哀憐個	3
æ-lin-sing	哀憐心	5
æ-neng	哀嫩	1
æ-sih	愛惜	98
æ-sih-go	愛惜個	27
æ-sih-ng-go	愛惜爾個	1
æ-sih-sing	愛惜心	8
æ-tʽong	哀痛	4
ô	哦	4
ô	啞	1
ô-deo	丫頭	18
ô-deo-go	丫頭個	2
ô-kʽeo-go	啞口個	1
ô-kʽeo-vu-yin	啞口無言	1
ô-ts	椏枝	19
ô-ts	啞子	12
ô-ts-li	椏枝裏	2
ô-wông	𢛟惶	42
ô-wông-go	𢛟惶個	5
ô-wông-siang	𢛟惶相	1
ôh	惡	32
ôh	噁	1
ôh-cü	惡嘴	2
ôh-doh	惡毒	10
ôh-doh-go	惡毒個	3
ôh-go	惡個	15
ôh-i	惡意	4
ôh-keo	惡狗	2
ôh-kwe	惡鬼	4
ôh-kwun	惡貫	2
ôh-kyi	惡計	2
ôh-kyü	惡鬼	11
ôh-kyü-go	惡鬼個	2
ôh-ming	惡名	1
ôh-nyih	惡孽	3
ôh-nyih-go	惡業個	1
ôh-nying	惡人	14
ôh-nying-go	惡人個	1
ôh-nyiæn	惡念	1
ôh-siang	惡想	1
ôh-siu	惡手	1
ôh-wô	惡話	1
ôh-ziang	惡像	9
ông-de	怏了	8
ông-kyʽi-læ	怏起來	1
ông-leh	怏勒	1
ü	於	32
ü	餵	3
ü-ts	椅子	3
ü-z	於是	1
ün	冤	4
ün-dziu	冤仇	2
ün-kyʽi	怨氣	4
ün-kô	冤家	10
ün-kô-go	冤家個	1
ün-tʽin	怨天	1
ün-wông	冤枉	2
ün-ʽeng	怨恨	12
ün-ʽeng	冤恨	2
üong	永	13
üong	勇	1
üong	壅	1
üong-cʽih	湧出	1
üong-go	勇個	1
üong-kwu	永古	1
üong-kwu-yi-læ	永古以來	1
üong-leh	擁勒	1
üong-leh-kyʽi	擁勒去	1
üong-tsi	擁擠	2
üong-tsing	擁進	1
üong-weh	永活	2
üong-weh-go	永活個	1
üong-yün	永遠	105
üong-yün-go	永遠個	10
üong-zông-kyʽi	擁上去	1
üong-zông-læ	擁上來	2
üong-üong	雍雍	3
üong-üong	壅壅	1
üô-da-li	亞大利	1
üô-da-mi-din	亞大米田	1
üô-di-mô	亞提馬	1
üô-fah-sah	亞法撒	2
üô-fi-üô	亞腓亞	1
üô-ha-z	亞哈士	2
üô-jü	亞如	2
üô-keh-da-mô	亞革大馬	1
üô-kwu-z-toh	亞古士督	1
üô-kyi-lao	亞基老	1
üô-kyi-pu	亞基布	2
üô-kyi-pʽô	亞基帕	12
üô-kying	亞金	2
üô-kyü	亞居	1
üô-kyü-lah	亞居拉	5
üô-kyüô-pu	亞迦布	2
üô-kæ-kwu	亞該古	1
üô-kæ-üô	亞該亞	9
üô-kæ-üô-go	亞該亞個	2
üô-lah-pah	亞拉伯	2
üô-lah-pah-go	亞拉伯個	1
üô-leh-fi-go	亞勒腓個	5
üô-leh-pô	亞勒巴	4
üô-leng	亞倫	3
üô-leng-go	亞倫個	2
üô-li-dah	亞哩達	1
üô-li-dah-kwu	亞里達古	5
üô-li-mô-tʽa	亞利馬太	2
üô-li-mô-tʽa-go	亞利馬太個	2
üô-li-to-pu	亞利多布	1
üô-liah-pô-kwu	亞略巴古	3
üô-lih-sæn-da	亞力山大	6
üô-lih-sæn-tʽa	亞力山太	3
üô-lih-sæn-tʽa-go	亞力山太個	1
üô-læn	亞蘭	4
üô-meng	亞們	50
üô-meng	亞門	2
üô-mi-nô-dah	亞米拿達	4
üô-mo-z	亞麼士	2
üô-mô-ngah-teng	亞馬額頓	1
üô-nô	亞拿	5
üô-nô-nyi-üô	亞拿尼亞	11
üô-pah	亞伯	4
üô-pah-go	亞伯個	1
üô-pah-lah-hen	亞伯拉罕	57
üô-pah-lah-hen-go	亞伯拉罕個	23
üô-pi-li	亞比利	1
üô-pi-li-nyi-go	亞比利尼個	1
üô-pi-u-z	亞比烏市	1
üô-pi-üoh	亞比鬰	2
üô-pi-üô	亞比亞	3
üô-pi-üô-tʽah	亞庇亞塔	1
üô-po-leng	亞玻倫	1
üô-po-lo	亞波羅	10
üô-po-lo-go	亞波羅個	1
üô-po-lo-nyi-üô	亞波羅尼亞	1
üô-pô	亞爸	1
üô-pô-teng	亞巴頓	1
üô-sah	亞撒	2
üô-seng-gyi-tʽu	亞遜其土	1
üô-shih	亞設	1
üô-shoh	亞朔	2
üô-si-üô	亞西亞	19
üô-si-üô-go	亞西亞個	2
üô-sih	亞設	1
üô-so-tu	亞鎖都	1
üô-sô	亞所	2
üô-ti	亞底	2
üô-ti-mi	亞底米	3
üô-ti-mi-go	亞底米個	3
üô-ti-üô	亞底亞	1
üô-tông	亞當	11
ʽa	鞋	8
ʽa-ta	鞋帶	5
ʽah-li	何裏	102
ʽah-li-læ	何裏來	3
ʽah-tsah	狹窄	3
ʽah-tsah-go	狹窄個	2
ʽang	行	63
ʽang-dong	行動	4
ʽang-go	行個	2
ʽang-i-dong-dzing	行意動靜	1
ʽang-i-dong-zing	行意動靜	1
ʽang-i-dong-zing-go	行意動靜個	1
ʽang-jün	行善	3
ʽang-jün-go	行善個	1
ʽang-kʽæ	行開	3
ʽang-kʽæ-kyʽi-de	行開去了	1
ʽang-li	行李	1
ʽang-lôh	行落	2
ʽang-pin	行遍	2
ʽang-si-li	行洗禮	3
ʽang-si-li-go	行洗禮個	9
ʽang-si-li-go	行洗礼個	3
ʽang-ts	行止	14
ʽang-we	行爲	82
ʽang-we-go	行爲個	5
ʽao-deo	號頭	3
ʽao-dong	號筒	16
ʽao-dong-go	號筒個	2
ʽao-li-da-kʽoh	號淚大哭	3
ʽao-ling	號令	25
ʽao-ling-go	號令個	1
ʽao-sao-de	豪𢜶了	1
ʽao-su	號數	6
ʽao-su-go	號數個	1
ʽao-vu	毫無	14
ʽe	哎	7
ʽeh	合	2
ʽeh-deo	合頭	2
ʽeh-djôh	合着	12
ʽeh-dzoh	合族	1
ʽeh-go	合個	1
ʽeh-koh	合國	1
ʽeh-kyiao-we	合教會	1
ʽeh-kô	合家	3
ʽeh-kʽeo-zi-dong	合口齊動	4
ʽeh-li	合理	5
ʽeh-li-go	合理個	5
ʽeh-li-go	合例個	1
ʽeh-long	合攏	3
ʽeh-r	合而	1
ʽeh-r-we-ih	合而爲一	3
ʽeh-r-we-ih-go	合而爲一個	1
ʽeh-sing-ʽeh-i	合心合意	1
ʽeh-ts	盒子	5
ʽeh-ying-go	合營個	2
ʽeh-yüong	合用	1
ʽeh-zing-li	合城裏	2
ʽen	咸	12
ʽen	汗	1
ʽen-kæn	咸間	1
ʽen-leh	含勒	2
ʽen-leh	旱勒	1
ʽen-lu	旱路	1
ʽen-tao-cʽü	咸到處	1
ʽen-tʽin-ʽô	咸天下	11
ʽen-tʽin-ʽô-go	咸天下個	2
ʽen-zing-li	咸城裏	3
ʽeng	恨	6
ʽeng-di	恨地	1
ʽeo	候	13
ʽeo	後	4
ʽeo-deo	後頭	131
ʽeo-deo-go	後頭個	4
ʽeo-dæ	後代	49
ʽeo-go	後個	1
ʽeo-i	後裔	2
ʽeo-jü	後如	7
ʽeo-leh	候勒	1
ʽeo-læ	後來	1
ʽeo-læ-go	後來個	2
ʽeo-meo	後母	1
ʽeo-nyih	後日	1
ʽeo-pe	後背	9
ʽeo-pe	後輩	1
ʽeo-pun-gyüih	後半橛	1
ʽeo-sang	後生	17
ʽeo-sang-go	後生個	1
ʽeo-sao	後梢	2
ʽeo-sao	後艄	1
ʽeo-yin	候沿	1
ʽeo-zi	候自	2
ʽeo-ʽeo	厚厚	4
ʽo	河	13
ʽo	賀	5
ʽo-bing	和平	5
ʽo-bing-go	和平個	7
ʽo-dzeng	何曾	2
ʽo-dziao	和潮	6
ʽo-dön	和團	3
ʽo-feh	何弗	3
ʽo-go	河個	1
ʽo-hao	和好	1
ʽo-hwông	何況	20
ʽo-jih-go	和十個	1
ʽo-jün	和然	9
ʽo-kyʽi	和氣	3
ʽo-kyʽi-go	和氣個	3
ʽo-kô	和家	10
ʽo-kô-kyi	和家計	1
ʽo-leh	和勒	3
ʽo-long	和攏	9
ʽo-long-de	和攏了	3
ʽo-long-go	和攏個	3
ʽo-long-tih-go	和攏的個	1
ʽo-moh	和睦	11
ʽo-moh-go	和睦個	1
ʽo-nga	河外	7
ʽo-næn	禍難	3
ʽo-pih	何必	1
ʽo-se	禍祟	46
ʽo-si-go	何西個	1
ʽo-sæn-nah	和散𠺶	6
ʽo-teng	何等	1
ʽo-tih-go	和的個	2
ʽo-tsʽih-go	和七個	2
ʽo-yüong	何用	7
ʽo-z-nying	和事人	2
ʽo-ʽo-kyʽi-kyʽi	和和氣氣	4
ʽo-ʽo-moh-moh	和和睦睦	1
ʽoh-sang-ts	學生子	1
ʽoh-tsia	或者	2
ʽong	紅	2
ʽong-bao	紅袍	6
ʽong-eng	鴻恩	3
ʽong-foh	鴻福	2
ʽong-go	紅個	1
ʽong-hæ	紅海	2
ʽong-ngô	紅霞	2
ʽong-shü	洪水	3
ʽong-shü-fæn-tsiang	洪水氾漲	1
ʽong-ʽong-go	紅紅個	1
ʽæ	害	19
ʽæ	嗐	2
ʽæ-li	害累	2
ʽæ-sing-tʽæn-kyʽi	嗐聲嘆氣	5
ʽæn	鹹	4
ʽæn	限	1
ʽæn-ding	限定	1
ʽæn-ding-go	限定個	1
ʽæn-djông	閒常	2
ʽæn-go	鹹個	3
ʽæn-gyi	限期	1
ʽæn-lôh	陷落	8
ʽæn-tsao	閒早	3
ʽæn-tsiang	閒賬	2
ʽæn-wô	閒話	1
ʽô	下	11
ʽô-cʽü	下處	1
ʽô-cʽü-li	下處裏	3
ʽô-deo	下頭	3
ʽô-fong-ngen	下風岸	3
ʽô-iang-go	下秧個	2
ʽô-lôh	下落	4
ʽô-lôh-go	下落個	1
ʽô-lôh-kyʽi	下落去	3
ʽô-pe	下輩	1
ʽô-pun-nyih	下半日	6
ʽô-si	下世	4
ʽô-si-go	下世個	1
ʽô-siu	下手	10
ʽô-siu-go	下手個	2
ʽô-tih-go	下的個	7
ʽô-tsôh	下作	3
ʽô-tsôh-peh-kʽæn	下作不堪	1
ʽô-tʽin	夏天	3
ʽô-vah	下伐	1
ʽô-veng	下文	2
ʽô-væn	下飯	4
ʽô-væn-go	下飯個	1
ʽôh	學	12
ʽôh	獲	1
ʽôh-jih	學習	10
ʽôh-jih-go	學習個	1
ʽôh-jih-ko-de	學習過了	2
ʽôh-ko	學過	1
ʽôh-ko-de	學過了	1
ʽôh-ko-go	學過個	2
ʽôh-sang-ts	學生子	2
ʽôh-tao-de	學到了	1
ʽôh-tsia	或者	182
ʽôh-veng	學問	2
ʽôh-we	學會	1
ʽôh-we-de	學會了	1
ʽông-dzing	行情	2
ʽông-tông	行當	3
